weekday,month,hour,vehicles,weekday_de,month_name
Friday,1,0,51.75,Freitag,January
Friday,1,1,28.0,Freitag,January
Friday,1,2,20.5,Freitag,January
Friday,1,3,15.0,Freitag,January
Friday,1,4,40.25,Freitag,January
Friday,1,5,89.25,Freitag,January
Friday,1,6,211.5,Freitag,January
Friday,1,7,318.75,Freitag,January
Friday,1,8,336.75,Freitag,January
Friday,1,9,323.5,Freitag,January
Friday,1,10,330.25,Freitag,January
Friday,1,11,361.5,Freitag,January
Friday,1,12,325.0,Freitag,January
Friday,1,13,364.25,Freitag,January
Friday,1,14,382.25,Freitag,January
Friday,1,15,442.75,Freitag,January
Friday,1,16,505.25,Freitag,January
Friday,1,17,473.75,Freitag,January
Friday,1,18,398.75,Freitag,January
Friday,1,19,300.75,Freitag,January
Friday,1,20,246.25,Freitag,January
Friday,1,21,183.75,Freitag,January
Friday,1,22,189.5,Freitag,January
Friday,1,23,132.75,Freitag,January
Friday,2,0,50.5,Freitag,February
Friday,2,1,33.5,Freitag,February
Friday,2,2,18.75,Freitag,February
Friday,2,3,19.5,Freitag,February
Friday,2,4,40.25,Freitag,February
Friday,2,5,97.0,Freitag,February
Friday,2,6,238.75,Freitag,February
Friday,2,7,343.0,Freitag,February
Friday,2,8,342.25,Freitag,February
Friday,2,9,334.25,Freitag,February
Friday,2,10,359.0,Freitag,February
Friday,2,11,387.0,Freitag,February
Friday,2,12,349.75,Freitag,February
Friday,2,13,382.25,Freitag,February
Friday,2,14,405.0,Freitag,February
Friday,2,15,460.0,Freitag,February
Friday,2,16,533.5,Freitag,February
Friday,2,17,497.0,Freitag,February
Friday,2,18,429.75,Freitag,February
Friday,2,19,316.5,Freitag,February
Friday,2,20,236.0,Freitag,February
Friday,2,21,216.75,Freitag,February
Friday,2,22,201.75,Freitag,February
Friday,2,23,152.25,Freitag,February
Friday,3,0,51.0,Freitag,March
Friday,3,1,32.75,Freitag,March
Friday,3,2,21.25,Freitag,March
Friday,3,3,20.25,Freitag,March
Friday,3,4,37.75,Freitag,March
Friday,3,5,104.25,Freitag,March
Friday,3,6,249.25,Freitag,March
Friday,3,7,363.5,Freitag,March
Friday,3,8,385.0,Freitag,March
Friday,3,9,366.25,Freitag,March
Friday,3,10,361.5,Freitag,March
Friday,3,11,395.75,Freitag,March
Friday,3,12,351.75,Freitag,March
Friday,3,13,380.0,Freitag,March
Friday,3,14,422.25,Freitag,March
Friday,3,15,454.0,Freitag,March
Friday,3,16,547.0,Freitag,March
Friday,3,17,529.0,Freitag,March
Friday,3,18,493.0,Freitag,March
Friday,3,19,384.0,Freitag,March
Friday,3,20,259.75,Freitag,March
Friday,3,21,210.0,Freitag,March
Friday,3,22,219.5,Freitag,March
Friday,3,23,197.75,Freitag,March
Friday,4,0,53.25,Freitag,April
Friday,4,1,31.75,Freitag,April
Friday,4,2,22.75,Freitag,April
Friday,4,3,23.0,Freitag,April
Friday,4,4,36.5,Freitag,April
Friday,4,5,101.0,Freitag,April
Friday,4,6,270.25,Freitag,April
Friday,4,7,375.0,Freitag,April
Friday,4,8,373.5,Freitag,April
Friday,4,9,335.5,Freitag,April
Friday,4,10,343.0,Freitag,April
Friday,4,11,377.75,Freitag,April
Friday,4,12,340.0,Freitag,April
Friday,4,13,368.75,Freitag,April
Friday,4,14,390.25,Freitag,April
Friday,4,15,434.25,Freitag,April
Friday,4,16,511.75,Freitag,April
Friday,4,17,497.5,Freitag,April
Friday,4,18,421.0,Freitag,April
Friday,4,19,318.0,Freitag,April
Friday,4,20,245.5,Freitag,April
Friday,4,21,200.75,Freitag,April
Friday,4,22,189.25,Freitag,April
Friday,4,23,147.5,Freitag,April
Friday,5,0,56.8,Freitag,May
Friday,5,1,33.6,Freitag,May
Friday,5,2,21.2,Freitag,May
Friday,5,3,18.6,Freitag,May
Friday,5,4,38.6,Freitag,May
Friday,5,5,88.8,Freitag,May
Friday,5,6,226.6,Freitag,May
Friday,5,7,321.8,Freitag,May
Friday,5,8,333.6,Freitag,May
Friday,5,9,332.0,Freitag,May
Friday,5,10,344.6,Freitag,May
Friday,5,11,365.0,Freitag,May
Friday,5,12,352.4,Freitag,May
Friday,5,13,350.8,Freitag,May
Friday,5,14,400.6,Freitag,May
Friday,5,15,417.2,Freitag,May
Friday,5,16,489.6,Freitag,May
Friday,5,17,455.8,Freitag,May
Friday,5,18,413.2,Freitag,May
Friday,5,19,330.6,Freitag,May
Friday,5,20,255.0,Freitag,May
Friday,5,21,203.2,Freitag,May
Friday,5,22,204.0,Freitag,May
Friday,5,23,146.6,Freitag,May
Friday,6,0,78.0,Freitag,June
Friday,6,1,41.75,Freitag,June
Friday,6,2,21.75,Freitag,June
Friday,6,3,23.75,Freitag,June
Friday,6,4,41.25,Freitag,June
Friday,6,5,97.5,Freitag,June
Friday,6,6,261.25,Freitag,June
Friday,6,7,370.25,Freitag,June
Friday,6,8,362.5,Freitag,June
Friday,6,9,332.0,Freitag,June
Friday,6,10,351.0,Freitag,June
Friday,6,11,359.0,Freitag,June
Friday,6,12,310.0,Freitag,June
Friday,6,13,359.75,Freitag,June
Friday,6,14,397.5,Freitag,June
Friday,6,15,436.5,Freitag,June
Friday,6,16,503.5,Freitag,June
Friday,6,17,488.5,Freitag,June
Friday,6,18,402.5,Freitag,June
Friday,6,19,285.75,Freitag,June
Friday,6,20,231.25,Freitag,June
Friday,6,21,212.25,Freitag,June
Friday,6,22,206.0,Freitag,June
Friday,6,23,173.5,Freitag,June
Friday,7,0,68.0,Freitag,July
Friday,7,1,38.666666666666664,Freitag,July
Friday,7,2,28.0,Freitag,July
Friday,7,3,29.0,Freitag,July
Friday,7,4,44.333333333333336,Freitag,July
Friday,7,5,86.0,Freitag,July
Friday,7,6,225.66666666666666,Freitag,July
Friday,7,7,319.0,Freitag,July
Friday,7,8,335.6666666666667,Freitag,July
Friday,7,9,308.6666666666667,Freitag,July
Friday,7,10,336.6666666666667,Freitag,July
Friday,7,11,351.0,Freitag,July
Friday,7,12,318.0,Freitag,July
Friday,7,13,346.3333333333333,Freitag,July
Friday,7,14,367.3333333333333,Freitag,July
Friday,7,15,405.3333333333333,Freitag,July
Friday,7,16,474.0,Freitag,July
Friday,7,17,437.6666666666667,Freitag,July
Friday,7,18,354.0,Freitag,July
Friday,7,19,259.3333333333333,Freitag,July
Friday,7,20,203.66666666666666,Freitag,July
Friday,7,21,191.66666666666666,Freitag,July
Friday,7,22,177.33333333333334,Freitag,July
Friday,7,23,170.33333333333334,Freitag,July
Friday,8,0,60.0,Freitag,August
Friday,8,1,36.0,Freitag,August
Friday,8,2,23.0,Freitag,August
Friday,8,3,24.4,Freitag,August
Friday,8,4,42.6,Freitag,August
Friday,8,5,80.6,Freitag,August
Friday,8,6,195.6,Freitag,August
Friday,8,7,292.4,Freitag,August
Friday,8,8,307.0,Freitag,August
Friday,8,9,299.2,Freitag,August
Friday,8,10,291.6,Freitag,August
Friday,8,11,334.0,Freitag,August
Friday,8,12,295.0,Freitag,August
Friday,8,13,320.4,Freitag,August
Friday,8,14,332.8,Freitag,August
Friday,8,15,366.4,Freitag,August
Friday,8,16,435.0,Freitag,August
Friday,8,17,379.6,Freitag,August
Friday,8,18,318.8,Freitag,August
Friday,8,19,247.4,Freitag,August
Friday,8,20,198.8,Freitag,August
Friday,8,21,175.4,Freitag,August
Friday,8,22,163.0,Freitag,August
Friday,8,23,133.2,Freitag,August
Friday,9,0,56.75,Freitag,September
Friday,9,1,29.0,Freitag,September
Friday,9,2,19.5,Freitag,September
Friday,9,3,20.25,Freitag,September
Friday,9,4,41.5,Freitag,September
Friday,9,5,88.75,Freitag,September
Friday,9,6,239.75,Freitag,September
Friday,9,7,334.0,Freitag,September
Friday,9,8,362.25,Freitag,September
Friday,9,9,326.75,Freitag,September
Friday,9,10,327.5,Freitag,September
Friday,9,11,350.75,Freitag,September
Friday,9,12,318.0,Freitag,September
Friday,9,13,338.25,Freitag,September
Friday,9,14,385.25,Freitag,September
Friday,9,15,414.25,Freitag,September
Friday,9,16,471.25,Freitag,September
Friday,9,17,464.75,Freitag,September
Friday,9,18,409.25,Freitag,September
Friday,9,19,300.5,Freitag,September
Friday,9,20,244.25,Freitag,September
Friday,9,21,193.5,Freitag,September
Friday,9,22,169.0,Freitag,September
Friday,9,23,139.0,Freitag,September
Friday,10,0,52.5,Freitag,October
Friday,10,1,30.0,Freitag,October
Friday,10,2,18.0,Freitag,October
Friday,10,3,18.25,Freitag,October
Friday,10,4,40.75,Freitag,October
Friday,10,5,87.5,Freitag,October
Friday,10,6,223.75,Freitag,October
Friday,10,7,310.25,Freitag,October
Friday,10,8,327.25,Freitag,October
Friday,10,9,308.5,Freitag,October
Friday,10,10,316.25,Freitag,October
Friday,10,11,351.5,Freitag,October
Friday,10,12,327.0,Freitag,October
Friday,10,13,330.0,Freitag,October
Friday,10,14,358.75,Freitag,October
Friday,10,15,420.5,Freitag,October
Friday,10,16,466.75,Freitag,October
Friday,10,17,489.0,Freitag,October
Friday,10,18,424.25,Freitag,October
Friday,10,19,314.5,Freitag,October
Friday,10,20,219.0,Freitag,October
Friday,10,21,173.5,Freitag,October
Friday,10,22,164.5,Freitag,October
Friday,10,23,131.5,Freitag,October
Friday,11,0,46.0,Freitag,November
Friday,11,1,27.8,Freitag,November
Friday,11,2,22.4,Freitag,November
Friday,11,3,20.4,Freitag,November
Friday,11,4,39.4,Freitag,November
Friday,11,5,90.2,Freitag,November
Friday,11,6,229.4,Freitag,November
Friday,11,7,339.2,Freitag,November
Friday,11,8,343.0,Freitag,November
Friday,11,9,356.8,Freitag,November
Friday,11,10,346.2,Freitag,November
Friday,11,11,369.2,Freitag,November
Friday,11,12,323.0,Freitag,November
Friday,11,13,369.4,Freitag,November
Friday,11,14,412.8,Freitag,November
Friday,11,15,449.8,Freitag,November
Friday,11,16,512.4,Freitag,November
Friday,11,17,492.2,Freitag,November
Friday,11,18,472.4,Freitag,November
Friday,11,19,309.8,Freitag,November
Friday,11,20,236.0,Freitag,November
Friday,11,21,171.4,Freitag,November
Friday,11,22,226.6,Freitag,November
Friday,11,23,176.4,Freitag,November
Friday,12,0,51.5,Freitag,December
Friday,12,1,29.25,Freitag,December
Friday,12,2,20.25,Freitag,December
Friday,12,3,17.25,Freitag,December
Friday,12,4,34.0,Freitag,December
Friday,12,5,82.75,Freitag,December
Friday,12,6,181.25,Freitag,December
Friday,12,7,272.5,Freitag,December
Friday,12,8,291.75,Freitag,December
Friday,12,9,303.0,Freitag,December
Friday,12,10,324.25,Freitag,December
Friday,12,11,360.75,Freitag,December
Friday,12,12,318.5,Freitag,December
Friday,12,13,339.25,Freitag,December
Friday,12,14,384.5,Freitag,December
Friday,12,15,387.0,Freitag,December
Friday,12,16,422.0,Freitag,December
Friday,12,17,423.25,Freitag,December
Friday,12,18,376.0,Freitag,December
Friday,12,19,286.75,Freitag,December
Friday,12,20,217.75,Freitag,December
Friday,12,21,172.5,Freitag,December
Friday,12,22,180.5,Freitag,December
Friday,12,23,136.25,Freitag,December
Monday,1,0,25.666666666666668,Montag,January
Monday,1,1,16.333333333333332,Montag,January
Monday,1,2,14.0,Montag,January
Monday,1,3,10.0,Montag,January
Monday,1,4,27.0,Montag,January
Monday,1,5,107.0,Montag,January
Monday,1,6,263.3333333333333,Montag,January
Monday,1,7,406.0,Montag,January
Monday,1,8,406.0,Montag,January
Monday,1,9,319.6666666666667,Montag,January
Monday,1,10,317.0,Montag,January
Monday,1,11,350.6666666666667,Montag,January
Monday,1,12,313.3333333333333,Montag,January
Monday,1,13,345.0,Montag,January
Monday,1,14,365.0,Montag,January
Monday,1,15,418.5,Montag,January
Monday,1,16,489.25,Montag,January
Monday,1,17,512.25,Montag,January
Monday,1,18,420.75,Montag,January
Monday,1,19,272.5,Montag,January
Monday,1,20,221.75,Montag,January
Monday,1,21,177.0,Montag,January
Monday,1,22,140.75,Montag,January
Monday,1,23,66.5,Montag,January
Monday,2,0,26.5,Montag,February
Monday,2,1,17.0,Montag,February
Monday,2,2,13.75,Montag,February
Monday,2,3,12.0,Montag,February
Monday,2,4,34.25,Montag,February
Monday,2,5,109.0,Montag,February
Monday,2,6,261.75,Montag,February
Monday,2,7,386.5,Montag,February
Monday,2,8,390.75,Montag,February
Monday,2,9,336.75,Montag,February
Monday,2,10,315.25,Montag,February
Monday,2,11,350.5,Montag,February
Monday,2,12,301.5,Montag,February
Monday,2,13,360.75,Montag,February
Monday,2,14,349.75,Montag,February
Monday,2,15,391.75,Montag,February
Monday,2,16,521.75,Montag,February
Monday,2,17,501.0,Montag,February
Monday,2,18,398.25,Montag,February
Monday,2,19,262.25,Montag,February
Monday,2,20,206.75,Montag,February
Monday,2,21,174.5,Montag,February
Monday,2,22,133.0,Montag,February
Monday,2,23,68.75,Montag,February
Monday,3,0,29.0,Montag,March
Monday,3,1,17.5,Montag,March
Monday,3,2,10.0,Montag,March
Monday,3,3,11.25,Montag,March
Monday,3,4,38.5,Montag,March
Monday,3,5,111.25,Montag,March
Monday,3,6,274.25,Montag,March
Monday,3,7,429.75,Montag,March
Monday,3,8,427.0,Montag,March
Monday,3,9,345.0,Montag,March
Monday,3,10,349.5,Montag,March
Monday,3,11,336.5,Montag,March
Monday,3,12,309.5,Montag,March
Monday,3,13,351.5,Montag,March
Monday,3,14,383.25,Montag,March
Monday,3,15,416.75,Montag,March
Monday,3,16,527.75,Montag,March
Monday,3,17,544.25,Montag,March
Monday,3,18,402.75,Montag,March
Monday,3,19,276.0,Montag,March
Monday,3,20,229.0,Montag,March
Monday,3,21,212.5,Montag,March
Monday,3,22,183.75,Montag,March
Monday,3,23,82.0,Montag,March
Monday,4,0,35.75,Montag,April
Monday,4,1,21.5,Montag,April
Monday,4,2,16.5,Montag,April
Monday,4,3,10.0,Montag,April
Monday,4,4,30.5,Montag,April
Monday,4,5,106.25,Montag,April
Monday,4,6,254.5,Montag,April
Monday,4,7,384.75,Montag,April
Monday,4,8,371.0,Montag,April
Monday,4,9,324.75,Montag,April
Monday,4,10,316.75,Montag,April
Monday,4,11,351.0,Montag,April
Monday,4,12,319.0,Montag,April
Monday,4,13,355.5,Montag,April
Monday,4,14,365.0,Montag,April
Monday,4,15,383.0,Montag,April
Monday,4,16,461.5,Montag,April
Monday,4,17,460.75,Montag,April
Monday,4,18,350.5,Montag,April
Monday,4,19,247.0,Montag,April
Monday,4,20,207.75,Montag,April
Monday,4,21,179.5,Montag,April
Monday,4,22,155.75,Montag,April
Monday,4,23,91.5,Montag,April
Monday,5,0,42.333333333333336,Montag,May
Monday,5,1,18.0,Montag,May
Monday,5,2,16.0,Montag,May
Monday,5,3,12.0,Montag,May
Monday,5,4,31.0,Montag,May
Monday,5,5,95.0,Montag,May
Monday,5,6,271.3333333333333,Montag,May
Monday,5,7,388.3333333333333,Montag,May
Monday,5,8,404.0,Montag,May
Monday,5,9,346.3333333333333,Montag,May
Monday,5,10,326.0,Montag,May
Monday,5,11,333.0,Montag,May
Monday,5,12,315.6666666666667,Montag,May
Monday,5,13,350.3333333333333,Montag,May
Monday,5,14,381.0,Montag,May
Monday,5,15,395.3333333333333,Montag,May
Monday,5,16,514.6666666666666,Montag,May
Monday,5,17,540.6666666666666,Montag,May
Monday,5,18,456.0,Montag,May
Monday,5,19,296.3333333333333,Montag,May
Monday,5,20,221.66666666666666,Montag,May
Monday,5,21,200.33333333333334,Montag,May
Monday,5,22,157.66666666666666,Montag,May
Monday,5,23,91.33333333333333,Montag,May
Monday,6,0,51.0,Montag,June
Monday,6,1,29.5,Montag,June
Monday,6,2,14.25,Montag,June
Monday,6,3,9.75,Montag,June
Monday,6,4,30.5,Montag,June
Monday,6,5,109.25,Montag,June
Monday,6,6,268.25,Montag,June
Monday,6,7,389.75,Montag,June
Monday,6,8,389.0,Montag,June
Monday,6,9,322.0,Montag,June
Monday,6,10,306.75,Montag,June
Monday,6,11,332.0,Montag,June
Monday,6,12,314.25,Montag,June
Monday,6,13,342.5,Montag,June
Monday,6,14,345.0,Montag,June
Monday,6,15,395.0,Montag,June
Monday,6,16,512.75,Montag,June
Monday,6,17,528.25,Montag,June
Monday,6,18,400.5,Montag,June
Monday,6,19,255.75,Montag,June
Monday,6,20,215.5,Montag,June
Monday,6,21,196.5,Montag,June
Monday,6,22,171.25,Montag,June
Monday,6,23,121.75,Montag,June
Monday,7,0,46.75,Montag,July
Monday,7,1,28.75,Montag,July
Monday,7,2,17.25,Montag,July
Monday,7,3,12.75,Montag,July
Monday,7,4,33.0,Montag,July
Monday,7,5,100.75,Montag,July
Monday,7,6,244.75,Montag,July
Monday,7,7,364.5,Montag,July
Monday,7,8,352.25,Montag,July
Monday,7,9,301.5,Montag,July
Monday,7,10,302.5,Montag,July
Monday,7,11,323.75,Montag,July
Monday,7,12,284.75,Montag,July
Monday,7,13,331.5,Montag,July
Monday,7,14,339.75,Montag,July
Monday,7,15,358.0,Montag,July
Monday,7,16,485.25,Montag,July
Monday,7,17,456.25,Montag,July
Monday,7,18,358.75,Montag,July
Monday,7,19,251.25,Montag,July
Monday,7,20,207.0,Montag,July
Monday,7,21,195.75,Montag,July
Monday,7,22,173.75,Montag,July
Monday,7,23,130.25,Montag,July
Monday,8,0,39.75,Montag,August
Monday,8,1,19.5,Montag,August
Monday,8,2,11.0,Montag,August
Monday,8,3,12.5,Montag,August
Monday,8,4,34.25,Montag,August
Monday,8,5,93.5,Montag,August
Monday,8,6,230.75,Montag,August
Monday,8,7,354.75,Montag,August
Monday,8,8,366.75,Montag,August
Monday,8,9,295.25,Montag,August
Monday,8,10,279.25,Montag,August
Monday,8,11,311.5,Montag,August
Monday,8,12,268.25,Montag,August
Monday,8,13,309.5,Montag,August
Monday,8,14,338.75,Montag,August
Monday,8,15,346.25,Montag,August
Monday,8,16,446.25,Montag,August
Monday,8,17,439.25,Montag,August
Monday,8,18,343.75,Montag,August
Monday,8,19,241.75,Montag,August
Monday,8,20,200.5,Montag,August
Monday,8,21,179.0,Montag,August
Monday,8,22,177.0,Montag,August
Monday,8,23,120.5,Montag,August
Monday,9,0,36.6,Montag,September
Monday,9,1,23.4,Montag,September
Monday,9,2,14.2,Montag,September
Monday,9,3,15.8,Montag,September
Monday,9,4,34.8,Montag,September
Monday,9,5,92.6,Montag,September
Monday,9,6,249.4,Montag,September
Monday,9,7,356.8,Montag,September
Monday,9,8,376.4,Montag,September
Monday,9,9,306.2,Montag,September
Monday,9,10,290.8,Montag,September
Monday,9,11,316.8,Montag,September
Monday,9,12,298.6,Montag,September
Monday,9,13,328.0,Montag,September
Monday,9,14,355.6,Montag,September
Monday,9,15,372.2,Montag,September
Monday,9,16,471.0,Montag,September
Monday,9,17,490.8,Montag,September
Monday,9,18,420.0,Montag,September
Monday,9,19,295.2,Montag,September
Monday,9,20,220.0,Montag,September
Monday,9,21,178.2,Montag,September
Monday,9,22,169.4,Montag,September
Monday,9,23,83.4,Montag,September
Monday,10,0,32.0,Montag,October
Monday,10,1,20.25,Montag,October
Monday,10,2,14.75,Montag,October
Monday,10,3,14.75,Montag,October
Monday,10,4,35.0,Montag,October
Monday,10,5,96.5,Montag,October
Monday,10,6,245.0,Montag,October
Monday,10,7,348.0,Montag,October
Monday,10,8,361.75,Montag,October
Monday,10,9,309.0,Montag,October
Monday,10,10,288.75,Montag,October
Monday,10,11,313.75,Montag,October
Monday,10,12,280.75,Montag,October
Monday,10,13,317.25,Montag,October
Monday,10,14,345.5,Montag,October
Monday,10,15,347.25,Montag,October
Monday,10,16,467.5,Montag,October
Monday,10,17,480.75,Montag,October
Monday,10,18,409.5,Montag,October
Monday,10,19,262.25,Montag,October
Monday,10,20,204.5,Montag,October
Monday,10,21,170.5,Montag,October
Monday,10,22,121.5,Montag,October
Monday,10,23,66.75,Montag,October
Monday,11,0,31.75,Montag,November
Monday,11,1,18.25,Montag,November
Monday,11,2,10.75,Montag,November
Monday,11,3,8.0,Montag,November
Monday,11,4,28.0,Montag,November
Monday,11,5,97.75,Montag,November
Monday,11,6,247.75,Montag,November
Monday,11,7,373.75,Montag,November
Monday,11,8,417.75,Montag,November
Monday,11,9,325.25,Montag,November
Monday,11,10,300.25,Montag,November
Monday,11,11,346.75,Montag,November
Monday,11,12,302.5,Montag,November
Monday,11,13,331.0,Montag,November
Monday,11,14,354.5,Montag,November
Monday,11,15,397.5,Montag,November
Monday,11,16,508.5,Montag,November
Monday,11,17,528.5,Montag,November
Monday,11,18,409.25,Montag,November
Monday,11,19,294.25,Montag,November
Monday,11,20,221.5,Montag,November
Monday,11,21,151.5,Montag,November
Monday,11,22,150.5,Montag,November
Monday,11,23,84.75,Montag,November
Monday,12,0,35.0,Montag,December
Monday,12,1,19.2,Montag,December
Monday,12,2,11.2,Montag,December
Monday,12,3,10.8,Montag,December
Monday,12,4,31.2,Montag,December
Monday,12,5,84.0,Montag,December
Monday,12,6,190.4,Montag,December
Monday,12,7,278.6,Montag,December
Monday,12,8,324.0,Montag,December
Monday,12,9,285.6,Montag,December
Monday,12,10,292.8,Montag,December
Monday,12,11,314.2,Montag,December
Monday,12,12,288.2,Montag,December
Monday,12,13,334.2,Montag,December
Monday,12,14,340.0,Montag,December
Monday,12,15,369.6,Montag,December
Monday,12,16,421.0,Montag,December
Monday,12,17,437.2,Montag,December
Monday,12,18,328.8,Montag,December
Monday,12,19,231.8,Montag,December
Monday,12,20,199.4,Montag,December
Monday,12,21,146.2,Montag,December
Monday,12,22,124.2,Montag,December
Monday,12,23,75.4,Montag,December
Thursday,1,0,44.0,Donnerstag,January
Thursday,1,1,29.0,Donnerstag,January
Thursday,1,2,17.75,Donnerstag,January
Thursday,1,3,11.75,Donnerstag,January
Thursday,1,4,37.75,Donnerstag,January
Thursday,1,5,94.5,Donnerstag,January
Thursday,1,6,227.75,Donnerstag,January
Thursday,1,7,362.5,Donnerstag,January
Thursday,1,8,390.25,Donnerstag,January
Thursday,1,9,323.5,Donnerstag,January
Thursday,1,10,313.0,Donnerstag,January
Thursday,1,11,345.75,Donnerstag,January
Thursday,1,12,293.75,Donnerstag,January
Thursday,1,13,328.5,Donnerstag,January
Thursday,1,14,372.5,Donnerstag,January
Thursday,1,15,404.0,Donnerstag,January
Thursday,1,16,504.25,Donnerstag,January
Thursday,1,17,510.25,Donnerstag,January
Thursday,1,18,438.0,Donnerstag,January
Thursday,1,19,288.5,Donnerstag,January
Thursday,1,20,232.0,Donnerstag,January
Thursday,1,21,198.0,Donnerstag,January
Thursday,1,22,165.75,Donnerstag,January
Thursday,1,23,95.75,Donnerstag,January
Thursday,2,0,45.0,Donnerstag,February
Thursday,2,1,26.4,Donnerstag,February
Thursday,2,2,18.0,Donnerstag,February
Thursday,2,3,14.2,Donnerstag,February
Thursday,2,4,42.0,Donnerstag,February
Thursday,2,5,98.8,Donnerstag,February
Thursday,2,6,262.2,Donnerstag,February
Thursday,2,7,398.4,Donnerstag,February
Thursday,2,8,433.8,Donnerstag,February
Thursday,2,9,363.4,Donnerstag,February
Thursday,2,10,350.2,Donnerstag,February
Thursday,2,11,373.2,Donnerstag,February
Thursday,2,12,328.2,Donnerstag,February
Thursday,2,13,357.2,Donnerstag,February
Thursday,2,14,384.0,Donnerstag,February
Thursday,2,15,413.6,Donnerstag,February
Thursday,2,16,521.0,Donnerstag,February
Thursday,2,17,550.0,Donnerstag,February
Thursday,2,18,486.8,Donnerstag,February
Thursday,2,19,369.8,Donnerstag,February
Thursday,2,20,240.0,Donnerstag,February
Thursday,2,21,202.6,Donnerstag,February
Thursday,2,22,207.8,Donnerstag,February
Thursday,2,23,136.0,Donnerstag,February
Thursday,3,0,58.25,Donnerstag,March
Thursday,3,1,30.0,Donnerstag,March
Thursday,3,2,16.5,Donnerstag,March
Thursday,3,3,20.25,Donnerstag,March
Thursday,3,4,40.75,Donnerstag,March
Thursday,3,5,103.5,Donnerstag,March
Thursday,3,6,266.0,Donnerstag,March
Thursday,3,7,404.5,Donnerstag,March
Thursday,3,8,436.25,Donnerstag,March
Thursday,3,9,364.0,Donnerstag,March
Thursday,3,10,359.75,Donnerstag,March
Thursday,3,11,379.5,Donnerstag,March
Thursday,3,12,345.5,Donnerstag,March
Thursday,3,13,349.0,Donnerstag,March
Thursday,3,14,399.0,Donnerstag,March
Thursday,3,15,419.75,Donnerstag,March
Thursday,3,16,534.5,Donnerstag,March
Thursday,3,17,556.75,Donnerstag,March
Thursday,3,18,483.25,Donnerstag,March
Thursday,3,19,341.75,Donnerstag,March
Thursday,3,20,238.5,Donnerstag,March
Thursday,3,21,223.5,Donnerstag,March
Thursday,3,22,219.75,Donnerstag,March
Thursday,3,23,115.0,Donnerstag,March
Thursday,4,0,49.0,Donnerstag,April
Thursday,4,1,28.5,Donnerstag,April
Thursday,4,2,22.0,Donnerstag,April
Thursday,4,3,17.75,Donnerstag,April
Thursday,4,4,39.0,Donnerstag,April
Thursday,4,5,100.25,Donnerstag,April
Thursday,4,6,272.5,Donnerstag,April
Thursday,4,7,405.25,Donnerstag,April
Thursday,4,8,430.75,Donnerstag,April
Thursday,4,9,335.5,Donnerstag,April
Thursday,4,10,327.75,Donnerstag,April
Thursday,4,11,357.25,Donnerstag,April
Thursday,4,12,317.75,Donnerstag,April
Thursday,4,13,364.5,Donnerstag,April
Thursday,4,14,381.5,Donnerstag,April
Thursday,4,15,395.5,Donnerstag,April
Thursday,4,16,527.0,Donnerstag,April
Thursday,4,17,511.0,Donnerstag,April
Thursday,4,18,446.0,Donnerstag,April
Thursday,4,19,301.5,Donnerstag,April
Thursday,4,20,234.5,Donnerstag,April
Thursday,4,21,228.5,Donnerstag,April
Thursday,4,22,211.25,Donnerstag,April
Thursday,4,23,129.0,Donnerstag,April
Thursday,5,0,51.25,Donnerstag,May
Thursday,5,1,25.5,Donnerstag,May
Thursday,5,2,18.0,Donnerstag,May
Thursday,5,3,15.0,Donnerstag,May
Thursday,5,4,43.5,Donnerstag,May
Thursday,5,5,104.5,Donnerstag,May
Thursday,5,6,265.25,Donnerstag,May
Thursday,5,7,403.0,Donnerstag,May
Thursday,5,8,417.0,Donnerstag,May
Thursday,5,9,333.5,Donnerstag,May
Thursday,5,10,341.5,Donnerstag,May
Thursday,5,11,363.25,Donnerstag,May
Thursday,5,12,318.0,Donnerstag,May
Thursday,5,13,382.5,Donnerstag,May
Thursday,5,14,394.75,Donnerstag,May
Thursday,5,15,412.5,Donnerstag,May
Thursday,5,16,501.0,Donnerstag,May
Thursday,5,17,517.5,Donnerstag,May
Thursday,5,18,450.25,Donnerstag,May
Thursday,5,19,321.0,Donnerstag,May
Thursday,5,20,238.25,Donnerstag,May
Thursday,5,21,234.25,Donnerstag,May
Thursday,5,22,200.0,Donnerstag,May
Thursday,5,23,129.0,Donnerstag,May
Thursday,6,0,56.5,Donnerstag,June
Thursday,6,1,33.25,Donnerstag,June
Thursday,6,2,22.25,Donnerstag,June
Thursday,6,3,17.0,Donnerstag,June
Thursday,6,4,43.25,Donnerstag,June
Thursday,6,5,104.0,Donnerstag,June
Thursday,6,6,250.75,Donnerstag,June
Thursday,6,7,407.0,Donnerstag,June
Thursday,6,8,422.5,Donnerstag,June
Thursday,6,9,351.0,Donnerstag,June
Thursday,6,10,349.5,Donnerstag,June
Thursday,6,11,353.5,Donnerstag,June
Thursday,6,12,310.75,Donnerstag,June
Thursday,6,13,344.5,Donnerstag,June
Thursday,6,14,379.5,Donnerstag,June
Thursday,6,15,417.25,Donnerstag,June
Thursday,6,16,495.25,Donnerstag,June
Thursday,6,17,512.0,Donnerstag,June
Thursday,6,18,443.25,Donnerstag,June
Thursday,6,19,320.5,Donnerstag,June
Thursday,6,20,252.25,Donnerstag,June
Thursday,6,21,250.75,Donnerstag,June
Thursday,6,22,301.25,Donnerstag,June
Thursday,6,23,193.25,Donnerstag,June
Thursday,7,0,67.75,Donnerstag,July
Thursday,7,1,40.0,Donnerstag,July
Thursday,7,2,22.25,Donnerstag,July
Thursday,7,3,23.5,Donnerstag,July
Thursday,7,4,55.25,Donnerstag,July
Thursday,7,5,94.5,Donnerstag,July
Thursday,7,6,234.25,Donnerstag,July
Thursday,7,7,375.5,Donnerstag,July
Thursday,7,8,384.25,Donnerstag,July
Thursday,7,9,329.0,Donnerstag,July
Thursday,7,10,318.0,Donnerstag,July
Thursday,7,11,328.5,Donnerstag,July
Thursday,7,12,296.25,Donnerstag,July
Thursday,7,13,325.25,Donnerstag,July
Thursday,7,14,339.0,Donnerstag,July
Thursday,7,15,359.75,Donnerstag,July
Thursday,7,16,445.5,Donnerstag,July
Thursday,7,17,483.5,Donnerstag,July
Thursday,7,18,372.0,Donnerstag,July
Thursday,7,19,272.5,Donnerstag,July
Thursday,7,20,216.75,Donnerstag,July
Thursday,7,21,226.75,Donnerstag,July
Thursday,7,22,237.25,Donnerstag,July
Thursday,7,23,132.5,Donnerstag,July
Thursday,8,0,57.75,Donnerstag,August
Thursday,8,1,35.25,Donnerstag,August
Thursday,8,2,22.75,Donnerstag,August
Thursday,8,3,24.0,Donnerstag,August
Thursday,8,4,40.0,Donnerstag,August
Thursday,8,5,93.25,Donnerstag,August
Thursday,8,6,228.75,Donnerstag,August
Thursday,8,7,377.75,Donnerstag,August
Thursday,8,8,407.5,Donnerstag,August
Thursday,8,9,344.25,Donnerstag,August
Thursday,8,10,301.75,Donnerstag,August
Thursday,8,11,344.5,Donnerstag,August
Thursday,8,12,298.0,Donnerstag,August
Thursday,8,13,317.75,Donnerstag,August
Thursday,8,14,352.0,Donnerstag,August
Thursday,8,15,373.25,Donnerstag,August
Thursday,8,16,466.25,Donnerstag,August
Thursday,8,17,472.5,Donnerstag,August
Thursday,8,18,398.75,Donnerstag,August
Thursday,8,19,266.75,Donnerstag,August
Thursday,8,20,224.0,Donnerstag,August
Thursday,8,21,235.25,Donnerstag,August
Thursday,8,22,212.0,Donnerstag,August
Thursday,8,23,139.25,Donnerstag,August
Thursday,9,0,39.75,Donnerstag,September
Thursday,9,1,20.5,Donnerstag,September
Thursday,9,2,15.75,Donnerstag,September
Thursday,9,3,21.0,Donnerstag,September
Thursday,9,4,33.75,Donnerstag,September
Thursday,9,5,100.0,Donnerstag,September
Thursday,9,6,238.75,Donnerstag,September
Thursday,9,7,378.25,Donnerstag,September
Thursday,9,8,431.25,Donnerstag,September
Thursday,9,9,333.0,Donnerstag,September
Thursday,9,10,321.0,Donnerstag,September
Thursday,9,11,347.25,Donnerstag,September
Thursday,9,12,307.75,Donnerstag,September
Thursday,9,13,328.75,Donnerstag,September
Thursday,9,14,349.75,Donnerstag,September
Thursday,9,15,382.5,Donnerstag,September
Thursday,9,16,484.5,Donnerstag,September
Thursday,9,17,517.25,Donnerstag,September
Thursday,9,18,481.75,Donnerstag,September
Thursday,9,19,339.75,Donnerstag,September
Thursday,9,20,276.5,Donnerstag,September
Thursday,9,21,212.75,Donnerstag,September
Thursday,9,22,179.0,Donnerstag,September
Thursday,9,23,122.0,Donnerstag,September
Thursday,10,0,37.8,Donnerstag,October
Thursday,10,1,23.8,Donnerstag,October
Thursday,10,2,16.8,Donnerstag,October
Thursday,10,3,15.2,Donnerstag,October
Thursday,10,4,36.4,Donnerstag,October
Thursday,10,5,90.4,Donnerstag,October
Thursday,10,6,229.0,Donnerstag,October
Thursday,10,7,342.2,Donnerstag,October
Thursday,10,8,405.2,Donnerstag,October
Thursday,10,9,306.0,Donnerstag,October
Thursday,10,10,323.6,Donnerstag,October
Thursday,10,11,339.2,Donnerstag,October
Thursday,10,12,312.8,Donnerstag,October
Thursday,10,13,335.2,Donnerstag,October
Thursday,10,14,343.6,Donnerstag,October
Thursday,10,15,391.4,Donnerstag,October
Thursday,10,16,499.0,Donnerstag,October
Thursday,10,17,513.8,Donnerstag,October
Thursday,10,18,442.0,Donnerstag,October
Thursday,10,19,301.4,Donnerstag,October
Thursday,10,20,222.8,Donnerstag,October
Thursday,10,21,180.4,Donnerstag,October
Thursday,10,22,165.6,Donnerstag,October
Thursday,10,23,114.2,Donnerstag,October
Thursday,11,0,32.0,Donnerstag,November
Thursday,11,1,21.5,Donnerstag,November
Thursday,11,2,13.0,Donnerstag,November
Thursday,11,3,14.5,Donnerstag,November
Thursday,11,4,31.0,Donnerstag,November
Thursday,11,5,87.75,Donnerstag,November
Thursday,11,6,237.75,Donnerstag,November
Thursday,11,7,385.5,Donnerstag,November
Thursday,11,8,446.75,Donnerstag,November
Thursday,11,9,391.25,Donnerstag,November
Thursday,11,10,348.25,Donnerstag,November
Thursday,11,11,378.25,Donnerstag,November
Thursday,11,12,328.75,Donnerstag,November
Thursday,11,13,335.75,Donnerstag,November
Thursday,11,14,366.75,Donnerstag,November
Thursday,11,15,399.75,Donnerstag,November
Thursday,11,16,518.75,Donnerstag,November
Thursday,11,17,490.5,Donnerstag,November
Thursday,11,18,459.75,Donnerstag,November
Thursday,11,19,336.25,Donnerstag,November
Thursday,11,20,230.25,Donnerstag,November
Thursday,11,21,188.0,Donnerstag,November
Thursday,11,22,201.25,Donnerstag,November
Thursday,11,23,138.25,Donnerstag,November
Thursday,12,0,51.666666666666664,Donnerstag,December
Thursday,12,1,28.333333333333332,Donnerstag,December
Thursday,12,2,17.333333333333332,Donnerstag,December
Thursday,12,3,18.333333333333332,Donnerstag,December
Thursday,12,4,41.666666666666664,Donnerstag,December
Thursday,12,5,101.0,Donnerstag,December
Thursday,12,6,232.66666666666666,Donnerstag,December
Thursday,12,7,369.0,Donnerstag,December
Thursday,12,8,416.0,Donnerstag,December
Thursday,12,9,334.6666666666667,Donnerstag,December
Thursday,12,10,316.3333333333333,Donnerstag,December
Thursday,12,11,350.3333333333333,Donnerstag,December
Thursday,12,12,317.0,Donnerstag,December
Thursday,12,13,332.6666666666667,Donnerstag,December
Thursday,12,14,363.0,Donnerstag,December
Thursday,12,15,432.3333333333333,Donnerstag,December
Thursday,12,16,499.6666666666667,Donnerstag,December
Thursday,12,17,505.0,Donnerstag,December
Thursday,12,18,463.3333333333333,Donnerstag,December
Thursday,12,19,324.6666666666667,Donnerstag,December
Thursday,12,20,254.33333333333334,Donnerstag,December
Thursday,12,21,188.0,Donnerstag,December
Thursday,12,22,191.0,Donnerstag,December
Thursday,12,23,136.33333333333334,Donnerstag,December
Tuesday,1,0,29.0,Dienstag,January
Tuesday,1,1,16.75,Dienstag,January
Tuesday,1,2,14.75,Dienstag,January
Tuesday,1,3,16.0,Dienstag,January
Tuesday,1,4,29.25,Dienstag,January
Tuesday,1,5,108.75,Dienstag,January
Tuesday,1,6,278.25,Dienstag,January
Tuesday,1,7,433.25,Dienstag,January
Tuesday,1,8,420.25,Dienstag,January
Tuesday,1,9,340.25,Dienstag,January
Tuesday,1,10,310.25,Dienstag,January
Tuesday,1,11,338.5,Dienstag,January
Tuesday,1,12,310.0,Dienstag,January
Tuesday,1,13,362.75,Dienstag,January
Tuesday,1,14,356.25,Dienstag,January
Tuesday,1,15,432.0,Dienstag,January
Tuesday,1,16,544.25,Dienstag,January
Tuesday,1,17,555.75,Dienstag,January
Tuesday,1,18,469.5,Dienstag,January
Tuesday,1,19,320.75,Dienstag,January
Tuesday,1,20,241.25,Dienstag,January
Tuesday,1,21,194.0,Dienstag,January
Tuesday,1,22,167.25,Dienstag,January
Tuesday,1,23,84.25,Dienstag,January
Tuesday,2,0,35.25,Dienstag,February
Tuesday,2,1,19.0,Dienstag,February
Tuesday,2,2,16.5,Dienstag,February
Tuesday,2,3,12.5,Dienstag,February
Tuesday,2,4,32.75,Dienstag,February
Tuesday,2,5,107.0,Dienstag,February
Tuesday,2,6,268.25,Dienstag,February
Tuesday,2,7,398.0,Dienstag,February
Tuesday,2,8,423.25,Dienstag,February
Tuesday,2,9,339.0,Dienstag,February
Tuesday,2,10,304.75,Dienstag,February
Tuesday,2,11,336.5,Dienstag,February
Tuesday,2,12,316.75,Dienstag,February
Tuesday,2,13,348.5,Dienstag,February
Tuesday,2,14,356.25,Dienstag,February
Tuesday,2,15,392.25,Dienstag,February
Tuesday,2,16,503.25,Dienstag,February
Tuesday,2,17,558.75,Dienstag,February
Tuesday,2,18,440.5,Dienstag,February
Tuesday,2,19,299.25,Dienstag,February
Tuesday,2,20,227.5,Dienstag,February
Tuesday,2,21,186.75,Dienstag,February
Tuesday,2,22,156.25,Dienstag,February
Tuesday,2,23,78.25,Dienstag,February
Tuesday,3,0,36.5,Dienstag,March
Tuesday,3,1,22.0,Dienstag,March
Tuesday,3,2,14.5,Dienstag,March
Tuesday,3,3,12.5,Dienstag,March
Tuesday,3,4,34.0,Dienstag,March
Tuesday,3,5,105.0,Dienstag,March
Tuesday,3,6,277.75,Dienstag,March
Tuesday,3,7,423.5,Dienstag,March
Tuesday,3,8,428.25,Dienstag,March
Tuesday,3,9,354.5,Dienstag,March
Tuesday,3,10,316.25,Dienstag,March
Tuesday,3,11,353.25,Dienstag,March
Tuesday,3,12,317.5,Dienstag,March
Tuesday,3,13,371.5,Dienstag,March
Tuesday,3,14,385.75,Dienstag,March
Tuesday,3,15,421.75,Dienstag,March
Tuesday,3,16,511.5,Dienstag,March
Tuesday,3,17,577.75,Dienstag,March
Tuesday,3,18,499.5,Dienstag,March
Tuesday,3,19,312.0,Dienstag,March
Tuesday,3,20,251.5,Dienstag,March
Tuesday,3,21,213.25,Dienstag,March
Tuesday,3,22,187.5,Dienstag,March
Tuesday,3,23,89.5,Dienstag,March
Tuesday,4,0,42.4,Dienstag,April
Tuesday,4,1,22.6,Dienstag,April
Tuesday,4,2,18.2,Dienstag,April
Tuesday,4,3,16.2,Dienstag,April
Tuesday,4,4,37.8,Dienstag,April
Tuesday,4,5,115.8,Dienstag,April
Tuesday,4,6,275.8,Dienstag,April
Tuesday,4,7,400.2,Dienstag,April
Tuesday,4,8,420.8,Dienstag,April
Tuesday,4,9,351.6,Dienstag,April
Tuesday,4,10,325.6,Dienstag,April
Tuesday,4,11,375.2,Dienstag,April
Tuesday,4,12,312.6,Dienstag,April
Tuesday,4,13,328.2,Dienstag,April
Tuesday,4,14,385.6,Dienstag,April
Tuesday,4,15,396.4,Dienstag,April
Tuesday,4,16,513.6,Dienstag,April
Tuesday,4,17,520.0,Dienstag,April
Tuesday,4,18,485.6,Dienstag,April
Tuesday,4,19,347.2,Dienstag,April
Tuesday,4,20,242.4,Dienstag,April
Tuesday,4,21,205.2,Dienstag,April
Tuesday,4,22,186.6,Dienstag,April
Tuesday,4,23,142.8,Dienstag,April
Tuesday,5,0,35.75,Dienstag,May
Tuesday,5,1,18.75,Dienstag,May
Tuesday,5,2,13.25,Dienstag,May
Tuesday,5,3,14.75,Dienstag,May
Tuesday,5,4,37.25,Dienstag,May
Tuesday,5,5,106.5,Dienstag,May
Tuesday,5,6,273.0,Dienstag,May
Tuesday,5,7,417.25,Dienstag,May
Tuesday,5,8,437.25,Dienstag,May
Tuesday,5,9,364.25,Dienstag,May
Tuesday,5,10,335.5,Dienstag,May
Tuesday,5,11,337.75,Dienstag,May
Tuesday,5,12,315.0,Dienstag,May
Tuesday,5,13,335.25,Dienstag,May
Tuesday,5,14,368.75,Dienstag,May
Tuesday,5,15,385.0,Dienstag,May
Tuesday,5,16,511.5,Dienstag,May
Tuesday,5,17,542.25,Dienstag,May
Tuesday,5,18,470.5,Dienstag,May
Tuesday,5,19,354.0,Dienstag,May
Tuesday,5,20,255.75,Dienstag,May
Tuesday,5,21,223.5,Dienstag,May
Tuesday,5,22,207.25,Dienstag,May
Tuesday,5,23,136.0,Dienstag,May
Tuesday,6,0,49.25,Dienstag,June
Tuesday,6,1,28.25,Dienstag,June
Tuesday,6,2,17.25,Dienstag,June
Tuesday,6,3,18.25,Dienstag,June
Tuesday,6,4,36.0,Dienstag,June
Tuesday,6,5,105.25,Dienstag,June
Tuesday,6,6,270.25,Dienstag,June
Tuesday,6,7,411.5,Dienstag,June
Tuesday,6,8,436.75,Dienstag,June
Tuesday,6,9,340.75,Dienstag,June
Tuesday,6,10,308.25,Dienstag,June
Tuesday,6,11,340.5,Dienstag,June
Tuesday,6,12,308.5,Dienstag,June
Tuesday,6,13,352.75,Dienstag,June
Tuesday,6,14,350.5,Dienstag,June
Tuesday,6,15,397.0,Dienstag,June
Tuesday,6,16,514.0,Dienstag,June
Tuesday,6,17,538.75,Dienstag,June
Tuesday,6,18,456.75,Dienstag,June
Tuesday,6,19,317.5,Dienstag,June
Tuesday,6,20,271.75,Dienstag,June
Tuesday,6,21,235.5,Dienstag,June
Tuesday,6,22,237.5,Dienstag,June
Tuesday,6,23,139.25,Dienstag,June
Tuesday,7,0,52.2,Dienstag,July
Tuesday,7,1,31.0,Dienstag,July
Tuesday,7,2,21.0,Dienstag,July
Tuesday,7,3,24.6,Dienstag,July
Tuesday,7,4,55.4,Dienstag,July
Tuesday,7,5,97.2,Dienstag,July
Tuesday,7,6,240.4,Dienstag,July
Tuesday,7,7,345.2,Dienstag,July
Tuesday,7,8,392.0,Dienstag,July
Tuesday,7,9,295.6,Dienstag,July
Tuesday,7,10,300.6,Dienstag,July
Tuesday,7,11,314.8,Dienstag,July
Tuesday,7,12,274.8,Dienstag,July
Tuesday,7,13,312.2,Dienstag,July
Tuesday,7,14,340.2,Dienstag,July
Tuesday,7,15,362.4,Dienstag,July
Tuesday,7,16,471.0,Dienstag,July
Tuesday,7,17,470.8,Dienstag,July
Tuesday,7,18,389.4,Dienstag,July
Tuesday,7,19,250.6,Dienstag,July
Tuesday,7,20,222.8,Dienstag,July
Tuesday,7,21,193.4,Dienstag,July
Tuesday,7,22,188.0,Dienstag,July
Tuesday,7,23,155.6,Dienstag,July
Tuesday,8,0,52.0,Dienstag,August
Tuesday,8,1,26.75,Dienstag,August
Tuesday,8,2,23.25,Dienstag,August
Tuesday,8,3,24.25,Dienstag,August
Tuesday,8,4,49.0,Dienstag,August
Tuesday,8,5,103.0,Dienstag,August
Tuesday,8,6,247.25,Dienstag,August
Tuesday,8,7,379.75,Dienstag,August
Tuesday,8,8,385.75,Dienstag,August
Tuesday,8,9,320.25,Dienstag,August
Tuesday,8,10,296.25,Dienstag,August
Tuesday,8,11,320.5,Dienstag,August
Tuesday,8,12,281.0,Dienstag,August
Tuesday,8,13,305.75,Dienstag,August
Tuesday,8,14,338.25,Dienstag,August
Tuesday,8,15,354.75,Dienstag,August
Tuesday,8,16,422.75,Dienstag,August
Tuesday,8,17,465.25,Dienstag,August
Tuesday,8,18,382.25,Dienstag,August
Tuesday,8,19,257.0,Dienstag,August
Tuesday,8,20,216.25,Dienstag,August
Tuesday,8,21,202.25,Dienstag,August
Tuesday,8,22,165.75,Dienstag,August
Tuesday,8,23,118.75,Dienstag,August
Tuesday,9,0,36.0,Dienstag,September
Tuesday,9,1,19.5,Dienstag,September
Tuesday,9,2,18.25,Dienstag,September
Tuesday,9,3,18.0,Dienstag,September
Tuesday,9,4,31.75,Dienstag,September
Tuesday,9,5,95.0,Dienstag,September
Tuesday,9,6,250.0,Dienstag,September
Tuesday,9,7,389.5,Dienstag,September
Tuesday,9,8,417.75,Dienstag,September
Tuesday,9,9,310.0,Dienstag,September
Tuesday,9,10,311.25,Dienstag,September
Tuesday,9,11,328.25,Dienstag,September
Tuesday,9,12,286.5,Dienstag,September
Tuesday,9,13,321.25,Dienstag,September
Tuesday,9,14,353.75,Dienstag,September
Tuesday,9,15,372.5,Dienstag,September
Tuesday,9,16,460.25,Dienstag,September
Tuesday,9,17,510.75,Dienstag,September
Tuesday,9,18,438.0,Dienstag,September
Tuesday,9,19,283.75,Dienstag,September
Tuesday,9,20,249.75,Dienstag,September
Tuesday,9,21,213.25,Dienstag,September
Tuesday,9,22,163.5,Dienstag,September
Tuesday,9,23,89.75,Dienstag,September
Tuesday,10,0,32.4,Dienstag,October
Tuesday,10,1,21.8,Dienstag,October
Tuesday,10,2,15.0,Dienstag,October
Tuesday,10,3,15.6,Dienstag,October
Tuesday,10,4,34.4,Dienstag,October
Tuesday,10,5,98.0,Dienstag,October
Tuesday,10,6,243.6,Dienstag,October
Tuesday,10,7,364.2,Dienstag,October
Tuesday,10,8,409.6,Dienstag,October
Tuesday,10,9,331.0,Dienstag,October
Tuesday,10,10,317.4,Dienstag,October
Tuesday,10,11,334.0,Dienstag,October
Tuesday,10,12,294.8,Dienstag,October
Tuesday,10,13,319.0,Dienstag,October
Tuesday,10,14,351.0,Dienstag,October
Tuesday,10,15,387.2,Dienstag,October
Tuesday,10,16,503.4,Dienstag,October
Tuesday,10,17,525.0,Dienstag,October
Tuesday,10,18,468.8,Dienstag,October
Tuesday,10,19,282.2,Dienstag,October
Tuesday,10,20,224.0,Dienstag,October
Tuesday,10,21,175.0,Dienstag,October
Tuesday,10,22,155.2,Dienstag,October
Tuesday,10,23,82.4,Dienstag,October
Tuesday,11,0,32.25,Dienstag,November
Tuesday,11,1,22.75,Dienstag,November
Tuesday,11,2,13.25,Dienstag,November
Tuesday,11,3,13.25,Dienstag,November
Tuesday,11,4,31.75,Dienstag,November
Tuesday,11,5,90.5,Dienstag,November
Tuesday,11,6,243.75,Dienstag,November
Tuesday,11,7,390.25,Dienstag,November
Tuesday,11,8,410.75,Dienstag,November
Tuesday,11,9,353.5,Dienstag,November
Tuesday,11,10,323.5,Dienstag,November
Tuesday,11,11,341.0,Dienstag,November
Tuesday,11,12,298.5,Dienstag,November
Tuesday,11,13,327.0,Dienstag,November
Tuesday,11,14,362.25,Dienstag,November
Tuesday,11,15,389.25,Dienstag,November
Tuesday,11,16,520.25,Dienstag,November
Tuesday,11,17,521.25,Dienstag,November
Tuesday,11,18,420.0,Dienstag,November
Tuesday,11,19,300.0,Dienstag,November
Tuesday,11,20,226.0,Dienstag,November
Tuesday,11,21,161.0,Dienstag,November
Tuesday,11,22,151.75,Dienstag,November
Tuesday,11,23,109.0,Dienstag,November
Tuesday,12,0,36.8,Dienstag,December
Tuesday,12,1,27.6,Dienstag,December
Tuesday,12,2,17.0,Dienstag,December
Tuesday,12,3,13.6,Dienstag,December
Tuesday,12,4,33.8,Dienstag,December
Tuesday,12,5,80.2,Dienstag,December
Tuesday,12,6,179.8,Dienstag,December
Tuesday,12,7,281.8,Dienstag,December
Tuesday,12,8,298.4,Dienstag,December
Tuesday,12,9,286.0,Dienstag,December
Tuesday,12,10,287.8,Dienstag,December
Tuesday,12,11,320.4,Dienstag,December
Tuesday,12,12,282.6,Dienstag,December
Tuesday,12,13,309.0,Dienstag,December
Tuesday,12,14,330.0,Dienstag,December
Tuesday,12,15,351.8,Dienstag,December
Tuesday,12,16,402.0,Dienstag,December
Tuesday,12,17,408.8,Dienstag,December
Tuesday,12,18,343.0,Dienstag,December
Tuesday,12,19,222.2,Dienstag,December
Tuesday,12,20,175.4,Dienstag,December
Tuesday,12,21,144.6,Dienstag,December
Tuesday,12,22,141.0,Dienstag,December
Tuesday,12,23,90.4,Dienstag,December
Wednesday,1,0,39.2,Mittwoch,January
Wednesday,1,1,17.0,Mittwoch,January
Wednesday,1,2,16.4,Mittwoch,January
Wednesday,1,3,17.2,Mittwoch,January
Wednesday,1,4,36.4,Mittwoch,January
Wednesday,1,5,96.2,Mittwoch,January
Wednesday,1,6,247.6,Mittwoch,January
Wednesday,1,7,358.6,Mittwoch,January
Wednesday,1,8,385.6,Mittwoch,January
Wednesday,1,9,319.6,Mittwoch,January
Wednesday,1,10,301.2,Mittwoch,January
Wednesday,1,11,343.8,Mittwoch,January
Wednesday,1,12,334.4,Mittwoch,January
Wednesday,1,13,356.4,Mittwoch,January
Wednesday,1,14,381.0,Mittwoch,January
Wednesday,1,15,403.4,Mittwoch,January
Wednesday,1,16,500.0,Mittwoch,January
Wednesday,1,17,513.0,Mittwoch,January
Wednesday,1,18,409.8,Mittwoch,January
Wednesday,1,19,290.6,Mittwoch,January
Wednesday,1,20,218.6,Mittwoch,January
Wednesday,1,21,188.8,Mittwoch,January
Wednesday,1,22,163.4,Mittwoch,January
Wednesday,1,23,89.6,Mittwoch,January
Wednesday,2,0,39.5,Mittwoch,February
Wednesday,2,1,23.0,Mittwoch,February
Wednesday,2,2,16.25,Mittwoch,February
Wednesday,2,3,16.0,Mittwoch,February
Wednesday,2,4,46.5,Mittwoch,February
Wednesday,2,5,100.75,Mittwoch,February
Wednesday,2,6,266.5,Mittwoch,February
Wednesday,2,7,372.5,Mittwoch,February
Wednesday,2,8,385.75,Mittwoch,February
Wednesday,2,9,345.75,Mittwoch,February
Wednesday,2,10,310.0,Mittwoch,February
Wednesday,2,11,361.0,Mittwoch,February
Wednesday,2,12,328.0,Mittwoch,February
Wednesday,2,13,362.75,Mittwoch,February
Wednesday,2,14,397.25,Mittwoch,February
Wednesday,2,15,413.5,Mittwoch,February
Wednesday,2,16,518.5,Mittwoch,February
Wednesday,2,17,543.75,Mittwoch,February
Wednesday,2,18,481.75,Mittwoch,February
Wednesday,2,19,341.25,Mittwoch,February
Wednesday,2,20,250.0,Mittwoch,February
Wednesday,2,21,205.25,Mittwoch,February
Wednesday,2,22,195.0,Mittwoch,February
Wednesday,2,23,125.25,Mittwoch,February
Wednesday,3,0,41.5,Mittwoch,March
Wednesday,3,1,18.75,Mittwoch,March
Wednesday,3,2,16.5,Mittwoch,March
Wednesday,3,3,14.0,Mittwoch,March
Wednesday,3,4,39.25,Mittwoch,March
Wednesday,3,5,102.25,Mittwoch,March
Wednesday,3,6,274.25,Mittwoch,March
Wednesday,3,7,399.5,Mittwoch,March
Wednesday,3,8,436.75,Mittwoch,March
Wednesday,3,9,375.0,Mittwoch,March
Wednesday,3,10,334.75,Mittwoch,March
Wednesday,3,11,377.75,Mittwoch,March
Wednesday,3,12,357.25,Mittwoch,March
Wednesday,3,13,385.5,Mittwoch,March
Wednesday,3,14,409.0,Mittwoch,March
Wednesday,3,15,442.5,Mittwoch,March
Wednesday,3,16,518.5,Mittwoch,March
Wednesday,3,17,541.5,Mittwoch,March
Wednesday,3,18,490.0,Mittwoch,March
Wednesday,3,19,337.5,Mittwoch,March
Wednesday,3,20,244.5,Mittwoch,March
Wednesday,3,21,221.0,Mittwoch,March
Wednesday,3,22,200.75,Mittwoch,March
Wednesday,3,23,105.0,Mittwoch,March
Wednesday,4,0,52.5,Mittwoch,April
Wednesday,4,1,29.75,Mittwoch,April
Wednesday,4,2,18.75,Mittwoch,April
Wednesday,4,3,20.25,Mittwoch,April
Wednesday,4,4,34.75,Mittwoch,April
Wednesday,4,5,106.75,Mittwoch,April
Wednesday,4,6,271.75,Mittwoch,April
Wednesday,4,7,390.25,Mittwoch,April
Wednesday,4,8,395.75,Mittwoch,April
Wednesday,4,9,321.25,Mittwoch,April
Wednesday,4,10,337.0,Mittwoch,April
Wednesday,4,11,348.75,Mittwoch,April
Wednesday,4,12,317.0,Mittwoch,April
Wednesday,4,13,374.25,Mittwoch,April
Wednesday,4,14,397.25,Mittwoch,April
Wednesday,4,15,426.25,Mittwoch,April
Wednesday,4,16,508.25,Mittwoch,April
Wednesday,4,17,540.0,Mittwoch,April
Wednesday,4,18,447.0,Mittwoch,April
Wednesday,4,19,313.0,Mittwoch,April
Wednesday,4,20,229.0,Mittwoch,April
Wednesday,4,21,219.75,Mittwoch,April
Wednesday,4,22,181.5,Mittwoch,April
Wednesday,4,23,112.75,Mittwoch,April
Wednesday,5,0,48.5,Mittwoch,May
Wednesday,5,1,27.75,Mittwoch,May
Wednesday,5,2,18.5,Mittwoch,May
Wednesday,5,3,17.5,Mittwoch,May
Wednesday,5,4,43.25,Mittwoch,May
Wednesday,5,5,96.75,Mittwoch,May
Wednesday,5,6,262.0,Mittwoch,May
Wednesday,5,7,382.25,Mittwoch,May
Wednesday,5,8,400.0,Mittwoch,May
Wednesday,5,9,337.0,Mittwoch,May
Wednesday,5,10,322.0,Mittwoch,May
Wednesday,5,11,348.5,Mittwoch,May
Wednesday,5,12,325.75,Mittwoch,May
Wednesday,5,13,363.5,Mittwoch,May
Wednesday,5,14,398.0,Mittwoch,May
Wednesday,5,15,444.5,Mittwoch,May
Wednesday,5,16,525.25,Mittwoch,May
Wednesday,5,17,539.0,Mittwoch,May
Wednesday,5,18,474.0,Mittwoch,May
Wednesday,5,19,347.25,Mittwoch,May
Wednesday,5,20,255.75,Mittwoch,May
Wednesday,5,21,226.25,Mittwoch,May
Wednesday,5,22,191.5,Mittwoch,May
Wednesday,5,23,137.0,Mittwoch,May
Wednesday,6,0,52.5,Mittwoch,June
Wednesday,6,1,26.0,Mittwoch,June
Wednesday,6,2,17.5,Mittwoch,June
Wednesday,6,3,23.0,Mittwoch,June
Wednesday,6,4,40.75,Mittwoch,June
Wednesday,6,5,100.75,Mittwoch,June
Wednesday,6,6,273.25,Mittwoch,June
Wednesday,6,7,396.5,Mittwoch,June
Wednesday,6,8,375.75,Mittwoch,June
Wednesday,6,9,349.0,Mittwoch,June
Wednesday,6,10,323.75,Mittwoch,June
Wednesday,6,11,341.0,Mittwoch,June
Wednesday,6,12,333.0,Mittwoch,June
Wednesday,6,13,355.5,Mittwoch,June
Wednesday,6,14,406.75,Mittwoch,June
Wednesday,6,15,394.5,Mittwoch,June
Wednesday,6,16,483.0,Mittwoch,June
Wednesday,6,17,525.25,Mittwoch,June
Wednesday,6,18,429.75,Mittwoch,June
Wednesday,6,19,296.5,Mittwoch,June
Wednesday,6,20,255.75,Mittwoch,June
Wednesday,6,21,223.0,Mittwoch,June
Wednesday,6,22,220.75,Mittwoch,June
Wednesday,6,23,162.75,Mittwoch,June
Wednesday,7,0,71.8,Mittwoch,July
Wednesday,7,1,35.6,Mittwoch,July
Wednesday,7,2,22.8,Mittwoch,July
Wednesday,7,3,26.8,Mittwoch,July
Wednesday,7,4,49.8,Mittwoch,July
Wednesday,7,5,95.0,Mittwoch,July
Wednesday,7,6,244.4,Mittwoch,July
Wednesday,7,7,341.6,Mittwoch,July
Wednesday,7,8,335.8,Mittwoch,July
Wednesday,7,9,289.8,Mittwoch,July
Wednesday,7,10,302.0,Mittwoch,July
Wednesday,7,11,320.8,Mittwoch,July
Wednesday,7,12,297.6,Mittwoch,July
Wednesday,7,13,342.6,Mittwoch,July
Wednesday,7,14,348.0,Mittwoch,July
Wednesday,7,15,389.8,Mittwoch,July
Wednesday,7,16,445.0,Mittwoch,July
Wednesday,7,17,442.4,Mittwoch,July
Wednesday,7,18,397.4,Mittwoch,July
Wednesday,7,19,249.0,Mittwoch,July
Wednesday,7,20,201.8,Mittwoch,July
Wednesday,7,21,201.8,Mittwoch,July
Wednesday,7,22,190.0,Mittwoch,July
Wednesday,7,23,133.6,Mittwoch,July
Wednesday,8,0,52.75,Mittwoch,August
Wednesday,8,1,28.75,Mittwoch,August
Wednesday,8,2,18.5,Mittwoch,August
Wednesday,8,3,28.25,Mittwoch,August
Wednesday,8,4,43.25,Mittwoch,August
Wednesday,8,5,92.0,Mittwoch,August
Wednesday,8,6,231.5,Mittwoch,August
Wednesday,8,7,358.0,Mittwoch,August
Wednesday,8,8,385.0,Mittwoch,August
Wednesday,8,9,317.25,Mittwoch,August
Wednesday,8,10,311.75,Mittwoch,August
Wednesday,8,11,345.75,Mittwoch,August
Wednesday,8,12,292.75,Mittwoch,August
Wednesday,8,13,335.75,Mittwoch,August
Wednesday,8,14,340.75,Mittwoch,August
Wednesday,8,15,374.0,Mittwoch,August
Wednesday,8,16,457.25,Mittwoch,August
Wednesday,8,17,468.5,Mittwoch,August
Wednesday,8,18,404.75,Mittwoch,August
Wednesday,8,19,269.75,Mittwoch,August
Wednesday,8,20,225.5,Mittwoch,August
Wednesday,8,21,200.25,Mittwoch,August
Wednesday,8,22,197.75,Mittwoch,August
Wednesday,8,23,131.0,Mittwoch,August
Wednesday,9,0,41.5,Mittwoch,September
Wednesday,9,1,26.25,Mittwoch,September
Wednesday,9,2,17.75,Mittwoch,September
Wednesday,9,3,16.0,Mittwoch,September
Wednesday,9,4,37.25,Mittwoch,September
Wednesday,9,5,94.5,Mittwoch,September
Wednesday,9,6,249.75,Mittwoch,September
Wednesday,9,7,378.0,Mittwoch,September
Wednesday,9,8,385.5,Mittwoch,September
Wednesday,9,9,337.5,Mittwoch,September
Wednesday,9,10,332.5,Mittwoch,September
Wednesday,9,11,341.5,Mittwoch,September
Wednesday,9,12,314.25,Mittwoch,September
Wednesday,9,13,348.0,Mittwoch,September
Wednesday,9,14,364.5,Mittwoch,September
Wednesday,9,15,383.5,Mittwoch,September
Wednesday,9,16,470.0,Mittwoch,September
Wednesday,9,17,496.75,Mittwoch,September
Wednesday,9,18,465.5,Mittwoch,September
Wednesday,9,19,345.75,Mittwoch,September
Wednesday,9,20,261.75,Mittwoch,September
Wednesday,9,21,213.5,Mittwoch,September
Wednesday,9,22,160.0,Mittwoch,September
Wednesday,9,23,109.0,Mittwoch,September
Wednesday,10,0,37.2,Mittwoch,October
Wednesday,10,1,20.4,Mittwoch,October
Wednesday,10,2,14.6,Mittwoch,October
Wednesday,10,3,17.6,Mittwoch,October
Wednesday,10,4,36.6,Mittwoch,October
Wednesday,10,5,88.8,Mittwoch,October
Wednesday,10,6,240.0,Mittwoch,October
Wednesday,10,7,360.8,Mittwoch,October
Wednesday,10,8,394.2,Mittwoch,October
Wednesday,10,9,330.8,Mittwoch,October
Wednesday,10,10,288.2,Mittwoch,October
Wednesday,10,11,332.8,Mittwoch,October
Wednesday,10,12,307.8,Mittwoch,October
Wednesday,10,13,353.0,Mittwoch,October
Wednesday,10,14,369.8,Mittwoch,October
Wednesday,10,15,394.6,Mittwoch,October
Wednesday,10,16,490.4,Mittwoch,October
Wednesday,10,17,495.4,Mittwoch,October
Wednesday,10,18,448.6,Mittwoch,October
Wednesday,10,19,305.6,Mittwoch,October
Wednesday,10,20,208.8,Mittwoch,October
Wednesday,10,21,176.2,Mittwoch,October
Wednesday,10,22,151.6,Mittwoch,October
Wednesday,10,23,97.2,Mittwoch,October
Wednesday,11,0,36.0,Mittwoch,November
Wednesday,11,1,19.0,Mittwoch,November
Wednesday,11,2,16.0,Mittwoch,November
Wednesday,11,3,13.25,Mittwoch,November
Wednesday,11,4,34.0,Mittwoch,November
Wednesday,11,5,82.75,Mittwoch,November
Wednesday,11,6,253.0,Mittwoch,November
Wednesday,11,7,389.0,Mittwoch,November
Wednesday,11,8,402.0,Mittwoch,November
Wednesday,11,9,328.0,Mittwoch,November
Wednesday,11,10,310.5,Mittwoch,November
Wednesday,11,11,344.75,Mittwoch,November
Wednesday,11,12,311.0,Mittwoch,November
Wednesday,11,13,350.0,Mittwoch,November
Wednesday,11,14,387.5,Mittwoch,November
Wednesday,11,15,397.75,Mittwoch,November
Wednesday,11,16,518.5,Mittwoch,November
Wednesday,11,17,534.5,Mittwoch,November
Wednesday,11,18,468.0,Mittwoch,November
Wednesday,11,19,289.0,Mittwoch,November
Wednesday,11,20,212.75,Mittwoch,November
Wednesday,11,21,173.5,Mittwoch,November
Wednesday,11,22,146.75,Mittwoch,November
Wednesday,11,23,95.75,Mittwoch,November
Wednesday,12,0,31.333333333333332,Mittwoch,December
Wednesday,12,1,20.666666666666668,Mittwoch,December
Wednesday,12,2,11.333333333333334,Mittwoch,December
Wednesday,12,3,15.666666666666666,Mittwoch,December
Wednesday,12,4,40.0,Mittwoch,December
Wednesday,12,5,94.33333333333333,Mittwoch,December
Wednesday,12,6,234.0,Mittwoch,December
Wednesday,12,7,370.0,Mittwoch,December
Wednesday,12,8,366.6666666666667,Mittwoch,December
Wednesday,12,9,334.0,Mittwoch,December
Wednesday,12,10,307.6666666666667,Mittwoch,December
Wednesday,12,11,362.6666666666667,Mittwoch,December
Wednesday,12,12,316.0,Mittwoch,December
Wednesday,12,13,362.0,Mittwoch,December
Wednesday,12,14,401.0,Mittwoch,December
Wednesday,12,15,422.0,Mittwoch,December
Wednesday,12,16,528.6666666666666,Mittwoch,December
Wednesday,12,17,545.0,Mittwoch,December
Wednesday,12,18,485.6666666666667,Mittwoch,December
Wednesday,12,19,338.3333333333333,Mittwoch,December
Wednesday,12,20,253.0,Mittwoch,December
Wednesday,12,21,174.0,Mittwoch,December
Wednesday,12,22,171.33333333333334,Mittwoch,December
Wednesday,12,23,100.0,Mittwoch,December
