Vorgangsname,Anfangstermin,Endtermin,Material,Personen,Geschoss
KGC Material einbringen,2024-09-05 08:00,2024-09-09 17:00,78,2,E02
Aepli Material einbringen,2024-10-10 08:00,2024-10-10 17:00,21,3,E02
KGC Material einbringen,2024-09-12 08:00,2024-09-16 17:00,78,4,E03
Aepli Material einbringen,2024-10-25 08:00,2024-10-25 17:00,21,3,E03
KGC Material einbringen,2024-09-26 08:00,2024-09-27 17:00,78,4,E04
Aepli Material einbringen,2024-11-12 08:00,2024-11-12 17:00,21,3,E04
KGC Material einbringen,2024-10-09 08:00,2024-10-11 17:00,78,4,E05
Aepli Material einbringen,2024-11-26 08:00,2024-11-26 17:00,21,3,E05
KGC Material einbringen,2024-11-04 08:00,2024-11-06 17:00,78,4,E06
Aepli Material einbringen,2024-12-09 08:00,2024-12-09 17:00,21,3,E06
KGC Material einbringen,2024-11-11 08:00,2024-11-13 17:00,78,2,E07
Aepli Material einbringen,2024-12-23 08:00,2024-12-23 17:00,21,3,E07
KGC Material einbringen,2024-11-21 08:00,2024-11-25 17:00,78,4,E08
Aepli Material einbringen,2025-01-20 08:00,2025-01-20 17:00,21,3,E08
KGC Material einbringen,2024-11-28 08:00,2024-12-02 17:00,78,4,E09
Aepli Material einbringen,2025-02-03 08:00,2025-02-03 17:00,21,3,E09
KGC Material einbringen,2025-01-08 08:00,2025-01-10 17:00,78,4,E10
Aepli Material einbringen,2025-02-17 08:00,2025-02-17 17:00,21,3,E10
KGC Material einbringen,2025-01-15 08:00,2025-01-17 17:00,78,4,E11
Aepli Material einbringen,2025-03-03 08:00,2025-03-03 17:00,21,3,E11
KGC Material einbringen,2025-01-28 08:00,2025-01-30 17:00,78,4,E12
Aepli Material einbringen,2025-03-17 08:00,2025-03-17 17:00,21,3,E12
KGC Material einbringen,2025-02-10 08:00,2025-02-12 17:00,78,4,E13
Aepli Material einbringen,2025-03-31 08:00,2025-03-31 17:00,21,3,E13
KGC Material einbringen,2025-03-03 08:00,2025-03-05 17:00,78,4,E14
Aepli Material einbringen,2025-04-14 08:00,2025-04-14 17:00,21,3,E14
KGC Material einbringen,2025-03-10 08:00,2025-03-12 17:00,78,,E15
Aepli Material einbringen,2025-04-30 08:00,2025-04-30 17:00,21,5,E15
KGC Material einbringen,2025-03-21 08:00,2025-03-25 17:00,78,4,E16
Aepli Material einbringen,2025-05-13 08:00,2025-05-13 17:00,21,3,E16
KGC Material einbringen,2025-04-03 08:00,2025-04-07 17:00,78,4,E17
Aepli Material einbringen,2025-05-26 08:00,2025-05-26 17:00,21,3,E17
KGC Material einbringen,2025-04-25 08:00,2025-04-29 17:00,78,4,E18
Aepli Material einbringen,2025-06-10 08:00,2025-06-10 17:00,21,3,E18
KGC Material einbringen,2025-05-02 08:00,2025-05-06 17:00,78,4,E19
Aepli Material einbringen,2025-06-26 08:00,2025-06-26 17:00,21,3,E19
KGC Material einbringen,2025-05-15 08:00,2025-05-19 17:00,78,4,E20
Aepli Material einbringen,2025-07-07 08:00,2025-07-07 17:00,21,3,E20
KGC Material einbringen,2025-05-28 08:00,2025-06-02 17:00,78,4,E21
Aepli Material einbringen,2025-07-18 08:00,2025-07-18 17:00,21,3,E21
KGC Material einbringen,2025-06-18 08:00,2025-06-23 17:00,78,4,E22
Aepli Material einbringen,2025-08-04 08:00,2025-08-04 17:00,21,3,E22
KGC Material einbringen,2025-06-26 08:00,2025-06-30 17:00,78,4,E23
Aepli Material einbringen,2025-08-19 08:00,2025-08-19 17:00,21,3,E23
KGC Material einbringen,2025-07-08 08:00,2025-07-10 17:00,78,4,E24
Aepli Material einbringen,2025-08-28 08:00,2025-08-28 17:00,21,3,E24
KGC Material einbringen,2025-07-18 08:00,2025-07-22 17:00,78,4,E25
Aepli Material einbringen,2025-09-09 08:00,2025-09-09 17:00,21,3,E25
KGC Material einbringen,2025-08-11 08:00,2025-08-13 17:00,78,4,E26
Aepli Material einbringen,2025-09-18 08:00,2025-09-18 17:00,21,3,E26
KGC Material einbringen,2025-08-18 08:00,2025-08-20 17:00,78,4,E27
Aepli Material einbringen,2025-09-30 08:00,2025-09-30 17:00,21,3,E27
KGC Material einbringen,2025-08-28 08:00,2025-09-01 17:00,78,4,E28
Aepli Material einbringen,2025-10-10 08:00,2025-10-10 17:00,21,3,E28
KGC Material einbringen,2025-09-09 08:00,2025-09-11 17:00,78,4,E29
Aepli Material einbringen,2025-10-23 08:00,2025-10-23 17:00,21,3,E29
KGC Material einbringen,2025-10-02 08:00,2025-10-06 17:00,78,4,E30
Aepli Material einbringen,2025-11-04 08:00,2025-11-04 17:00,21,3,E30
KGC Material einbringen,2025-10-08 08:00,2025-10-10 17:00,78,4,E31
Aepli Material einbringen,2025-11-14 08:00,2025-11-14 17:00,21,3,E31
KGC Material einbringen,2025-10-21 08:00,2025-10-23 17:00,78,4,E32
Aepli Material einbringen,2025-11-26 08:00,2025-11-26 17:00,21,3,E32
KGC Material einbringen,2025-10-31 08:00,2025-11-04 17:00,78,4,E33
Aepli Material einbringen,2025-12-09 08:00,2025-12-09 17:00,21,3,E33
KGC Material einbringen,2025-11-14 08:00,2025-11-14 17:00,Kran,4,E34
Aepli Material einbringen,2025-12-22 08:00,2025-12-22 17:00,21,3,E34
KGC Material einbringen,2025-11-20 08:00,2025-11-20 17:00,Kran,4,E35
Aepli Material einbringen,2026-01-14 08:00,2026-01-14 17:00,21,1,E35
KGC Material einbringen,2025-12-02 08:00,2025-12-02 17:00,Kran,4,E36
KGC Material einbringen,2024-09-27 08:00,2024-10-01 17:00,87,4,E02
Aepli Material einbringen,2024-11-11 08:00,2024-11-11 17:00,21,7,E02
KGC Material einbringen,2024-10-14 08:00,2024-10-17 17:00,87,4,E03
Aepli Montage Loggia,2024-11-28 08:00,2024-12-06 17:00,21,7,E03
KGC Material einbringen,2024-10-28 08:00,2024-10-28 17:00,87,4,E04
Aepli Montage Loggia,2024-12-12 08:00,2024-12-20 17:00,21,7,E04
Aepli Montage Loggia,2025-01-10 08:00,2025-01-20 17:00,21,7,E05
KGC Material einbringen,2024-12-02 08:00,2024-12-02 17:00,87,4,E06
Aepli Montage Loggia,2025-01-27 08:00,2025-02-04 17:00,21,7,E06
KGC Material einbringen,2024-12-17 08:00,2024-12-17 17:00,87,4,E07
Aepli Einmessen UK,2025-02-10 08:00,2025-02-10 17:00,21,7,E07
KGC Material einbringen,2025-01-13 08:00,2025-01-13 17:00,87,4,E08
Aepli Montage Loggia,2025-02-24 08:00,2025-03-04 17:00,21,7,E08
KGC Material einbringen,2025-01-24 08:00,2025-01-24 17:00,87,4,E09
Aepli Montage Loggia,2025-03-07 08:00,2025-03-17 17:00,21,7,E09
KGC Material einbringen,2025-02-06 08:00,2025-02-06 17:00,87,4,E10
Aepli Montage Loggia,2025-03-19 08:00,2025-03-27 17:00,21,7,E10
KGC Material einbringen,2025-02-18 08:00,2025-02-18 17:00,87,4,E11
Aepli Montage Loggia,2025-03-31 08:00,2025-04-08 17:00,21,7,E11
KGC Material einbringen,2025-02-28 08:00,2025-02-28 17:00,87,4,E12
Aepli Montage Loggia,2025-04-10 08:00,2025-04-17 17:00,21,7,E12
KGC Material einbringen,2025-03-10 08:00,2025-03-10 17:00,87,4,E13
Aepli Einmessen UK,2025-04-15 08:00,2025-04-15 17:00,21,7,E13
KGC Material einbringen,2025-03-18 08:00,2025-03-18 17:00,87,4,E14
Aepli Montage Loggia,2025-04-28 08:00,2025-05-05 17:00,21,7,E14
KGC Material einbringen,2025-03-26 08:00,2025-03-26 17:00,87,4,E15
Aepli Montage Loggia,2025-05-08 08:00,2025-05-15 17:00,21,7,E15
KGC Material einbringen,2025-03-26 08:00,2025-03-28 17:00,87,,E16
Grundputz Betonwände inkl. Grundierung,2025-01-16 08:00,2025-01-20 17:00,1,4,E02
Weissputz Decke,2025-01-21 08:00,2025-01-23 17:00,1,4,E02
LBW einzeichen / 1-seitig beplanken,2025-01-24 08:00,2025-02-10 17:00,52,10,E02
Montage Zargen Zimmertüren,2025-02-07 08:00,2025-02-10 17:00,1,2,E02
Nasszelle - Vorwandelemente erstellen,2025-02-04 08:00,2025-02-10 17:00,5,2,E02
Ausholzung LBW,2025-02-04 08:00,2025-02-10 17:00,10,0,E02
Haustechnikinstallationen in LBW,2025-02-04 08:00,2025-02-17 17:00,1,4,E02
LBW stellen / isolieren,2025-02-11 08:00,2025-02-21 17:00,58,10,E02
UP Installation HLKS-E,2025-02-11 08:00,2025-02-20 17:00,3,10,E01
Montage Rahmen Eingangstüren,2025-02-20 08:00,2025-02-21 17:00,1,2,E02
Isolieren Unterlagsboden,2025-02-24 08:00,2025-02-25 17:00,2,4,E02
Abrieb Wände / Spachteln,2025-03-14 08:00,2025-03-21 17:00,2,7,E02
Malerarbeiten Wände / Decken,2025-03-24 08:00,2025-03-28 17:00,1,7,E02
Splinker,2025-03-28 08:00,2025-04-24 17:00,4,2,E02
Malerarbeiten Stahlzargen,2025-03-31 08:00,2025-04-01 17:00,1,0,E02
Montage Vorhangbrett,2025-04-02 08:00,2025-04-03 17:00,2,4,E02
Nasszelle - Vorwandelemente ausflocken,2025-04-01 08:00,2025-04-02 17:00,33,2,E02
Nasszelle - Badewanne / Dusche setzen,2025-03-05 08:00,2025-03-07 17:00,33,4,E02
Nasszelle - Plattenarbeiten Boden / Wände,2025-04-09 08:00,2025-04-24 17:00,8,7,E02
Parkettbeläge inkl. Sockelleisten,2025-04-16 08:00,2025-04-24 17:00,24,6,E02
Einhängen Wohnungseingangstüren,2025-04-24 08:00,2025-04-24 17:00,2,2,E02
Sanitär Apparatemontage,2025-04-17 08:00,2025-04-25 17:00,1,4,E02
Lüftung Apparatemontage,2025-04-23 08:00,2025-04-25 17:00,1,2,E02
Elektro Apparatemontage / Leuchten,2025-04-16 08:00,2025-04-24 17:00,2,4,E02
Grundputz Betonwände inkl. Grundierung,2025-01-30 08:00,2025-01-31 17:00,1,4,E03
Weissputz Decke,2025-02-03 08:00,2025-02-06 17:00,1,4,E03
LBW einzeichen / 1-seitig beplanken,2025-02-07 08:00,2025-02-24 17:00,52,10,E03
Montage Zargen Zimmertüren,2025-02-21 08:00,2025-02-24 17:00,1,2,E03
Nasszelle - Vorwandelemente erstellen,2025-02-18 08:00,2025-02-24 17:00,5,2,E03
Ausholzung LBW,2025-02-18 08:00,2025-02-24 17:00,10,0,E03
Haustechnikinstallationen in LBW,2025-02-18 08:00,2025-03-03 17:00,1,4,E03
LBW stellen / isolieren,2025-02-25 08:00,2025-03-07 17:00,58,10,E03
UP Installation HLKS-E,2025-02-25 08:00,2025-03-06 17:00,3,10,E01
Montage Rahmen Eingangstüren,2025-03-06 08:00,2025-03-07 17:00,1,2,E03
Isolieren Unterlagsboden,2025-03-10 08:00,2025-03-11 17:00,2,4,E03
Abrieb Wände / Spachteln,2025-03-28 08:00,2025-04-04 17:00,2,7,E03
Malerarbeiten Wände / Decken,2025-04-07 08:00,2025-04-11 17:00,1,7,E03
Splinker,2025-04-11 08:00,2025-05-08 17:00,4,2,E03
Malerarbeiten Stahlzargen,2025-04-14 08:00,2025-04-15 17:00,1,0,E03
Montage Vorhangbrett,2025-04-16 08:00,2025-04-17 17:00,2,4,E03
Nasszelle - Vorwandelemente ausflocken,2025-04-15 08:00,2025-04-16 17:00,33,2,E03
Nasszelle - Badewanne / Dusche setzen,2025-03-19 08:00,2025-03-21 17:00,33,4,E03
Nasszelle - Plattenarbeiten Boden / Wände,2025-04-25 08:00,2025-05-08 17:00,8,7,E03
Parkettbeläge inkl. Sockelleisten,2025-05-02 08:00,2025-05-08 17:00,24,6,E03
Einhängen Wohnungseingangstüren,2025-05-08 08:00,2025-05-08 17:00,2,2,E03
Sanitär Apparatemontage,2025-05-05 08:00,2025-05-09 17:00,1,4,E03
Lüftung Apparatemontage,2025-05-07 08:00,2025-05-09 17:00,1,2,E03
Elektro Apparatemontage / Leuchten,2025-05-02 08:00,2025-05-08 17:00,2,4,E03
Grundputz Betonwände inkl. Grundierung,2025-02-13 08:00,2025-02-14 17:00,1,4,E04
Weissputz Decke,2025-02-17 08:00,2025-02-20 17:00,1,4,E04
LBW einzeichen / 1-seitig beplanken,2025-02-21 08:00,2025-03-10 17:00,52,10,E04
Montage Zargen Zimmertüren,2025-03-07 08:00,2025-03-10 17:00,1,2,E04
Nasszelle - Vorwandelemente erstellen,2025-03-04 08:00,2025-03-10 17:00,5,2,E04
Ausholzung LBW,2025-03-04 08:00,2025-03-10 17:00,10,0,E04
Haustechnikinstallationen in LBW,2025-03-04 08:00,2025-03-17 17:00,1,4,E04
LBW stellen / isolieren,2025-03-11 08:00,2025-03-21 17:00,58,10,E04
UP Installation HLKS-E,2025-03-11 08:00,2025-03-20 17:00,3,10,E01
Montage Rahmen Eingangstüren,2025-03-20 08:00,2025-03-21 17:00,1,2,E04
Isolieren Unterlagsboden,2025-03-24 08:00,2025-03-25 17:00,2,4,E04
Abrieb Wände / Spachteln,2025-04-11 08:00,2025-04-22 17:00,2,7,E04
Malerarbeiten Wände / Decken,2025-04-23 08:00,2025-04-29 17:00,1,7,E04
Splinker,2025-04-11 08:00,2025-05-08 17:00,4,2,E04
Malerarbeiten Stahlzargen,2025-04-30 08:00,2025-05-01 17:00,1,0,E04
Montage Vorhangbrett,2025-05-02 08:00,2025-05-05 17:00,2,4,E04
Nasszelle - Vorwandelemente ausflocken,2025-05-01 08:00,2025-05-02 17:00,33,2,E04
Nasszelle - Badewanne / Dusche setzen,2025-04-02 08:00,2025-04-04 17:00,33,4,E04
Nasszelle - Plattenarbeiten Boden / Wände,2025-05-09 08:00,2025-05-22 17:00,8,7,E04
Parkettbeläge inkl. Sockelleisten,2025-05-16 08:00,2025-05-22 17:00,24,6,E04
Einhängen Wohnungseingangstüren,2025-05-22 08:00,2025-05-22 17:00,2,2,E04
Sanitär Apparatemontage,2025-05-19 08:00,2025-05-23 17:00,1,4,E04
Lüftung Apparatemontage,2025-05-21 08:00,2025-05-23 17:00,1,2,E04
Elektro Apparatemontage / Leuchten,2025-05-16 08:00,2025-05-22 17:00,2,4,E04
Grundputz Betonwände inkl. Grundierung,2025-02-27 08:00,2025-02-28 17:00,1,4,E05
Weissputz Decke,2025-03-03 08:00,2025-03-06 17:00,1,4,E05
LBW einzeichen / 1-seitig beplanken,2025-03-07 08:00,2025-03-24 17:00,52,10,E05
Montage Zargen Zimmertüren,2025-03-21 08:00,2025-03-24 17:00,1,2,E05
Nasszelle - Vorwandelemente erstellen,2025-03-18 08:00,2025-03-24 17:00,5,2,E05
Ausholzung LBW,2025-03-18 08:00,2025-03-24 17:00,10,0,E05
Haustechnikinstallationen in LBW,2025-03-18 08:00,2025-03-31 17:00,1,4,E05
LBW stellen / isolieren,2025-03-25 08:00,2025-04-04 17:00,58,10,E05
UP Installation HLKS-E,2025-03-25 08:00,2025-04-03 17:00,3,10,E01
Montage Rahmen Eingangstüren,2025-04-03 08:00,2025-04-04 17:00,1,2,E05
Isolieren Unterlagsboden,2025-04-07 08:00,2025-04-08 17:00,2,4,E05
Abrieb Wände / Spachteln,2025-04-29 08:00,2025-05-06 17:00,2,7,E05
Malerarbeiten Wände / Decken,2025-05-07 08:00,2025-05-13 17:00,1,7,E05
Splinker,2025-05-13 08:00,2025-06-06 17:00,4,2,E05
Malerarbeiten Stahlzargen,2025-05-14 08:00,2025-05-15 17:00,1,0,E05
Montage Vorhangbrett,2025-05-16 08:00,2025-05-19 17:00,2,4,E05
Nasszelle - Vorwandelemente ausflocken,2025-05-15 08:00,2025-05-16 17:00,33,2,E05
Nasszelle - Badewanne / Dusche setzen,2025-04-16 08:00,2025-04-22 17:00,33,4,E05
Nasszelle - Plattenarbeiten Boden / Wände,2025-05-23 08:00,2025-06-06 17:00,8,7,E05
Parkettbeläge inkl. Sockelleisten,2025-06-02 08:00,2025-06-06 17:00,24,6,E05
Einhängen Wohnungseingangstüren,2025-06-06 08:00,2025-06-06 17:00,2,2,E05
Sanitär Apparatemontage,2025-06-03 08:00,2025-06-10 17:00,1,4,E05
Lüftung Apparatemontage,2025-06-05 08:00,2025-06-10 17:00,1,2,E05
Elektro Apparatemontage / Leuchten,2025-06-02 08:00,2025-06-06 17:00,2,4,E05
Grundputz Betonwände inkl. Grundierung,2025-03-13 08:00,2025-03-14 17:00,1,4,E06
Weissputz Decke,2025-03-17 08:00,2025-03-20 17:00,1,4,E06
LBW einzeichen / 1-seitig beplanken,2025-03-21 08:00,2025-04-07 17:00,52,10,E06
Montage Zargen Zimmertüren,2025-04-04 08:00,2025-04-07 17:00,1,2,E06
Nasszelle - Vorwandelemente erstellen,2025-04-01 08:00,2025-04-07 17:00,5,2,E06
Ausholzung LBW,2025-04-01 08:00,2025-04-10 17:00,10,0,E06
Haustechnikinstallationen in LBW,2025-04-01 08:00,2025-04-14 17:00,1,4,E06
LBW stellen / isolieren,2025-04-11 08:00,2025-04-25 17:00,58,10,E06
UP Installation HLKS-E,2025-04-11 08:00,2025-04-24 17:00,3,10,E06
Montage Rahmen Eingangstüren,2025-04-24 08:00,2025-04-25 17:00,1,2,E06
Isolieren Unterlagsboden,2025-04-28 08:00,2025-04-29 17:00,2,4,E06
Abrieb Wände / Spachteln,2025-05-16 08:00,2025-05-23 17:00,2,7,E06
Malerarbeiten Wände / Decken,2025-05-26 08:00,2025-06-02 17:00,1,7,E06
Splinker,2025-06-02 08:00,2025-06-27 17:00,4,2,E06
Malerarbeiten Stahlzargen,2025-06-03 08:00,2025-06-04 17:00,1,0,E06
Montage Vorhangbrett,2025-06-05 08:00,2025-06-06 17:00,2,4,E06
Nasszelle - Badewanne / Dusche setzen,2025-05-07 08:00,2025-05-09 17:00,33,4,E06
Nasszelle - Abdichtung Boden / Wände,2025-06-11 08:00,2025-06-12 17:00,1,3,E06
Nasszelle - Plattenarbeiten Boden / Wände,2025-06-13 08:00,2025-06-27 17:00,8,7,E06
Parkettbeläge inkl. Sockelleisten,2025-06-23 08:00,2025-06-27 17:00,24,6,E06
Einhängen Wohnungseingangstüren,2025-06-27 08:00,2025-06-27 17:00,2,2,E06
Sanitär Apparatemontage,2025-06-24 08:00,2025-06-30 17:00,1,4,E06
Lüftung Apparatemontage,2025-06-26 08:00,2025-06-30 17:00,1,2,E06
Elektro Apparatemontage / Leuchten,2025-06-23 08:00,2025-06-27 17:00,2,4,E06
Weissputz Decke,2025-03-31 08:00,2025-04-03 17:00,1,4,E07
LBW einzeichen / 1-seitig beplanken,2025-04-04 08:00,2025-04-23 17:00,1,10,E07
Montage Zargen Zimmertüren,2025-04-22 08:00,2025-04-23 17:00,52,2,E07
Nasszelle - Vorwandelemente erstellen,2025-04-15 08:00,2025-04-23 17:00,1,2,E07
Ausholzung LBW,2025-04-15 08:00,2025-04-23 17:00,5,0,E07
Haustechnikinstallationen in LBW,2025-04-15 08:00,2025-04-30 17:00,10,4,E07
evtl. Brandschott,2025-04-29 08:00,2025-04-30 17:00,1,2,E07
UP Installation HLKS-E,2025-04-24 08:00,2025-05-05 17:00,58,10,E07
Montage Rahmen Eingangstüren,2025-05-05 08:00,2025-05-06 17:00,3,2,E07
Isolieren Unterlagsboden,2025-05-07 08:00,2025-05-08 17:00,1,4,E07
Einbringen Unterlagsboden,2025-05-09 08:00,2025-05-12 17:00,2,4,E07
Brüstung Fassade innen ergänzen,2025-06-05 08:00,2025-06-06 17:00,2,2,E07
Splinker,2025-06-12 08:00,2025-07-08 17:00,4,2,E07
Malerarbeiten Stahlzargen,2025-06-13 08:00,2025-06-16 17:00,1,0,E07
Montage Vorhangbrett,2025-06-17 08:00,2025-06-18 17:00,1,4,E07
Nasszelle - Badewanne / Dusche setzen,2025-05-16 08:00,2025-05-20 17:00,33,4,E07
Nasszelle - Abdichtung Boden / Wände,2025-06-23 08:00,2025-06-24 17:00,33,3,E07
Einhängen Wohnungseingangstüren,2025-07-08 08:00,2025-07-08 17:00,24,2,E07
Schliessanlage / Beschläge,2025-07-09 08:00,2025-07-09 17:00,2,2,E07
Lüftung Apparatemontage,2025-07-07 08:00,2025-07-09 17:00,1,2,E07
Elektro Apparatemontage / Leuchten,2025-07-02 08:00,2025-07-08 17:00,1,4,E07
Einhängen Zimmertüren,2025-07-07 08:00,2025-07-07 17:00,2,2,E07
LBW einzeichen / 1-seitig beplanken,2025-04-17 08:00,2025-05-06 17:00,1,10,E08
Montage Zargen Zimmertüren,2025-05-05 08:00,2025-05-06 17:00,1,2,E08
Nasszelle - Vorwandelemente erstellen,2025-04-30 08:00,2025-05-06 17:00,52,2,E08
Ausholzung LBW,2025-04-30 08:00,2025-05-06 17:00,1,0,E08
Haustechnikinstallationen in LBW,2025-04-30 08:00,2025-05-13 17:00,5,4,E08
evtl. Brandschott,2025-05-12 08:00,2025-05-13 17:00,10,2,E08
LBW stellen / isolieren,2025-05-07 08:00,2025-05-16 17:00,1,10,E08
Montage Rahmen Eingangstüren,2025-05-16 08:00,2025-05-16 17:00,58,2,E08
Isolieren Unterlagsboden,2025-05-19 08:00,2025-05-20 17:00,3,4,E08
Einbringen Unterlagsboden,2025-05-21 08:00,2025-05-21 17:00,1,4,E08
Austrocknung Unterlagsboden,2025-05-22 08:00,2025-07-07 17:00,2,0,E08
Malerarbeiten Wände / Decken,2025-06-17 08:00,2025-06-24 17:00,2,7,E08
Montage Vorhangbrett,2025-06-27 08:00,2025-06-30 17:00,1,4,E08
Montage Küchenelemente,2025-05-30 08:00,2025-06-05 17:00,1,7,E08
Montage Einbauschränke,2025-05-30 08:00,2025-06-03 17:00,2,4,E08
Nasszelle - Abdichtung Boden / Wände,2025-07-02 08:00,2025-07-03 17:00,33,3,E08
Nasszelle - Plattenarbeiten Boden / Wände,2025-07-04 08:00,2025-07-17 17:00,33,7,E08
Parkettbeläge inkl. Sockelleisten,2025-07-11 08:00,2025-07-17 17:00,8,6,E08
Schliessanlage / Beschläge,2025-07-18 08:00,2025-07-18 17:00,24,2,E08
Sanitär Apparatemontage,2025-07-14 08:00,2025-07-18 17:00,2,4,E08
Elektro Apparatemontage / Leuchten,2025-07-11 08:00,2025-07-17 17:00,1,4,E08
Einhängen Zimmertüren,2025-07-16 08:00,2025-07-16 17:00,1,2,E08
Montage Schild Küche + Geräte inkl. Kitffugen,2025-07-17 08:00,2025-07-18 17:00,2,2,E08
Weissputz Decke,2025-04-30 08:00,2025-05-02 17:00,1,4,E09
LBW einzeichen / 1-seitig beplanken,2025-05-05 08:00,2025-05-20 17:00,1,10,E09
Montage Zargen Zimmertüren,2025-05-19 08:00,2025-05-20 17:00,52,2,E09
Nasszelle - Vorwandelemente erstellen,2025-05-14 08:00,2025-05-20 17:00,1,2,E09
Ausholzung LBW,2025-05-14 08:00,2025-05-20 17:00,5,0,E09
Haustechnikinstallationen in LBW,2025-05-14 08:00,2025-05-27 17:00,10,4,E09
evtl. Brandschott,2025-05-26 08:00,2025-05-27 17:00,1,2,E09
UP Installation HLKS-E,2025-05-21 08:00,2025-06-02 17:00,58,10,E01
Montage Rahmen Eingangstüren,2025-06-02 08:00,2025-06-02 17:00,3,2,E09
Isolieren Unterlagsboden,2025-06-03 08:00,2025-06-04 17:00,1,4,E09
Einbringen Unterlagsboden,2025-06-05 08:00,2025-06-05 17:00,2,4,E09
Brüstung Fassade innen ergänzen,2025-07-02 08:00,2025-07-03 17:00,2,2,E09
Malerarbeiten Stahlzargen,2025-07-09 08:00,2025-07-10 17:00,1,0,E09
Montage Vorhangbrett,2025-07-11 08:00,2025-07-14 17:00,1,4,E09
Montage Küchenelemente,2025-06-16 08:00,2025-06-23 17:00,2,7,E09
Nasszelle - Badewanne / Dusche setzen,2025-06-12 08:00,2025-06-16 17:00,33,4,E09
Nasszelle - Abdichtung Boden / Wände,2025-07-16 08:00,2025-07-17 17:00,33,3,E09
Montage Abdeckplatte Küche,2025-07-15 08:00,2025-07-16 17:00,8,2,E09
Einhängen Wohnungseingangstüren,2025-07-31 08:00,2025-07-31 17:00,24,2,E09
Schliessanlage / Beschläge,2025-08-04 08:00,2025-08-04 17:00,2,2,E09
Lüftung Apparatemontage,2025-07-30 08:00,2025-08-04 17:00,1,2,E09
Elektro Apparatemontage / Leuchten,2025-07-25 08:00,2025-07-31 17:00,1,4,E09
Einhängen Zimmertüren,2025-07-30 08:00,2025-07-30 17:00,2,2,E09
Weissputz Decke,2025-05-14 08:00,2025-05-16 17:00,1,4,E10
LBW einzeichen / 1-seitig beplanken,2025-05-19 08:00,2025-06-04 17:00,1,10,E10
Montage Zargen Zimmertüren,2025-06-03 08:00,2025-06-04 17:00,52,2,E10
Nasszelle - Vorwandelemente erstellen,2025-05-28 08:00,2025-06-04 17:00,1,2,E10
Ausholzung LBW,2025-05-28 08:00,2025-06-04 17:00,5,0,E10
Haustechnikinstallationen in LBW,2025-05-28 08:00,2025-06-12 17:00,10,4,E10
evtl. Brandschott,2025-06-11 08:00,2025-06-12 17:00,1,2,E10
UP Installation HLKS-E,2025-06-05 08:00,2025-06-17 17:00,58,10,E01
Montage Rahmen Eingangstüren,2025-06-17 08:00,2025-06-17 17:00,3,2,E10
Isolieren Unterlagsboden,2025-06-18 08:00,2025-06-20 17:00,1,4,E10
Einbringen Unterlagsboden,2025-06-23 08:00,2025-06-23 17:00,2,4,E10
Brüstung Fassade innen ergänzen,2025-07-16 08:00,2025-07-17 17:00,2,2,E10
Malerarbeiten Stahlzargen,2025-07-23 08:00,2025-07-24 17:00,1,0,E10
Montage Vorhangbrett,2025-07-25 08:00,2025-07-28 17:00,1,4,E10
Montage Küchenelemente,2025-07-01 08:00,2025-07-07 17:00,2,7,E10
Nasszelle - Badewanne / Dusche setzen,2025-06-27 08:00,2025-07-01 17:00,33,4,E10
Nasszelle - Abdichtung Boden / Wände,2025-07-30 08:00,2025-07-31 17:00,33,3,E10
Montage Abdeckplatte Küche,2025-07-29 08:00,2025-07-30 17:00,8,2,E10
Einhängen Wohnungseingangstüren,2025-08-18 08:00,2025-08-18 17:00,24,2,E10
Schliessanlage / Beschläge,2025-08-19 08:00,2025-08-19 17:00,2,2,E10
Lüftung Apparatemontage,2025-08-14 08:00,2025-08-19 17:00,1,2,E10
Elektro Apparatemontage / Leuchten,2025-08-11 08:00,2025-08-18 17:00,1,4,E10
Einhängen Zimmertüren,2025-08-14 08:00,2025-08-14 17:00,2,2,E10
Weissputz Decke,2025-05-28 08:00,2025-06-02 17:00,1,4,E11
LBW einzeichen / 1-seitig beplanken,2025-06-03 08:00,2025-06-20 17:00,1,10,E11
Montage Zargen Zimmertüren,2025-06-18 08:00,2025-06-20 17:00,52,2,E11
Nasszelle - Vorwandelemente erstellen,2025-06-13 08:00,2025-06-20 17:00,1,2,E11
Ausholzung LBW,2025-06-13 08:00,2025-06-20 17:00,5,0,E11
Haustechnikinstallationen in LBW,2025-06-13 08:00,2025-06-27 17:00,10,4,E11
evtl. Brandschott,2025-06-26 08:00,2025-06-27 17:00,1,2,E11
UP Installation HLKS-E,2025-06-23 08:00,2025-07-02 17:00,58,10,E01
Montage Rahmen Eingangstüren,2025-07-02 08:00,2025-07-02 17:00,3,2,E11
Isolieren Unterlagsboden,2025-07-03 08:00,2025-07-04 17:00,1,4,E11
Einbringen Unterlagsboden,2025-07-07 08:00,2025-07-07 17:00,2,4,E11
Brüstung Fassade innen ergänzen,2025-07-30 08:00,2025-07-31 17:00,2,2,E11
Malerarbeiten Stahlzargen,2025-08-07 08:00,2025-08-08 17:00,1,0,E11
Montage Vorhangbrett,2025-08-11 08:00,2025-08-12 17:00,1,4,E11
Montage Küchenelemente,2025-07-15 08:00,2025-07-21 17:00,2,7,E11
Nasszelle - Badewanne / Dusche setzen,2025-07-11 08:00,2025-07-15 17:00,33,4,E11
Nasszelle - Abdichtung Boden / Wände,2025-08-14 08:00,2025-08-18 17:00,33,3,E11
Montage Abdeckplatte Küche,2025-08-13 08:00,2025-08-14 17:00,8,2,E11
Einhängen Wohnungseingangstüren,2025-09-01 08:00,2025-09-01 17:00,24,2,E11
Schliessanlage / Beschläge,2025-09-02 08:00,2025-09-02 17:00,2,2,E11
Lüftung Apparatemontage,2025-08-29 08:00,2025-09-02 17:00,1,2,E11
Elektro Apparatemontage / Leuchten,2025-08-26 08:00,2025-09-01 17:00,1,4,E11
Einhängen Zimmertüren,2025-08-29 08:00,2025-08-29 17:00,2,2,E11
Weissputz Decke,2025-06-12 08:00,2025-06-16 17:00,1,4,E12
LBW einzeichen / 1-seitig beplanken,2025-06-17 08:00,2025-07-03 17:00,1,10,E12
Montage Zargen Zimmertüren,2025-07-02 08:00,2025-07-03 17:00,52,2,E12
Nasszelle - Vorwandelemente erstellen,2025-06-27 08:00,2025-07-03 17:00,1,2,E12
Ausholzung LBW,2025-06-27 08:00,2025-07-03 17:00,5,0,E12
Haustechnikinstallationen in LBW,2025-06-27 08:00,2025-07-10 17:00,10,4,E12
evtl. Brandschott,2025-07-09 08:00,2025-07-10 17:00,1,2,E12
UP Installation HLKS-E,2025-07-04 08:00,2025-07-15 17:00,58,10,E01
Montage Rahmen Eingangstüren,2025-07-15 08:00,2025-07-15 17:00,3,2,E12
Isolieren Unterlagsboden,2025-07-16 08:00,2025-07-17 17:00,1,4,E12
Einbringen Unterlagsboden,2025-07-18 08:00,2025-07-18 17:00,2,4,E12
Brüstung Fassade innen ergänzen,2025-08-13 08:00,2025-08-14 17:00,2,2,E12
Malerarbeiten Stahlzargen,2025-08-21 08:00,2025-08-22 17:00,1,0,E12
Montage Vorhangbrett,2025-08-25 08:00,2025-08-26 17:00,1,4,E12
Montage Küchenelemente,2025-07-28 08:00,2025-08-04 17:00,2,7,E12
Nasszelle - Badewanne / Dusche setzen,2025-07-24 08:00,2025-07-28 17:00,33,4,E12
Nasszelle - Abdichtung Boden / Wände,2025-08-28 08:00,2025-08-29 17:00,33,3,E12
Montage Abdeckplatte Küche,2025-08-27 08:00,2025-08-28 17:00,8,2,E12
Einhängen Wohnungseingangstüren,2025-09-12 08:00,2025-09-12 17:00,24,2,E12
Schliessanlage / Beschläge,2025-09-15 08:00,2025-09-15 17:00,2,2,E12
Lüftung Apparatemontage,2025-09-11 08:00,2025-09-15 17:00,1,2,E12
Elektro Apparatemontage / Leuchten,2025-09-08 08:00,2025-09-12 17:00,1,4,E12
Einhängen Zimmertüren,2025-09-11 08:00,2025-09-11 17:00,2,2,E12
Weissputz Decke,2025-06-26 08:00,2025-06-30 17:00,1,4,E13
LBW einzeichen / 1-seitig beplanken,2025-07-01 08:00,2025-07-16 17:00,1,10,E13
Montage Zargen Zimmertüren,2025-07-15 08:00,2025-07-16 17:00,52,2,E13
Nasszelle - Vorwandelemente erstellen,2025-07-10 08:00,2025-07-16 17:00,1,2,E13
Ausholzung LBW,2025-07-10 08:00,2025-07-16 17:00,5,0,E13
Haustechnikinstallationen in LBW,2025-07-10 08:00,2025-07-23 17:00,10,4,E13
evtl. Brandschott,2025-07-22 08:00,2025-07-23 17:00,1,2,E13
UP Installation HLKS-E,2025-07-17 08:00,2025-07-28 17:00,58,10,E01
Montage Rahmen Eingangstüren,2025-07-28 08:00,2025-07-28 17:00,3,2,E13
Isolieren Unterlagsboden,2025-07-29 08:00,2025-07-30 17:00,1,4,E13
Einbringen Unterlagsboden,2025-07-31 08:00,2025-07-31 17:00,2,4,E13
Brüstung Fassade innen ergänzen,2025-08-27 08:00,2025-08-28 17:00,2,2,E13
Malerarbeiten Stahlzargen,2025-09-03 08:00,2025-09-04 17:00,1,0,E13
Montage Vorhangbrett,2025-09-05 08:00,2025-09-08 17:00,1,4,E13
Montage Küchenelemente,2025-08-11 08:00,2025-08-18 17:00,2,7,E13
Nasszelle - Badewanne / Dusche setzen,2025-08-07 08:00,2025-08-11 17:00,33,4,E13
Nasszelle - Abdichtung Boden / Wände,2025-09-10 08:00,2025-09-11 17:00,33,3,E13
Montage Abdeckplatte Küche,2025-09-09 08:00,2025-09-10 17:00,8,2,E13
Einhängen Wohnungseingangstüren,2025-09-25 08:00,2025-09-25 17:00,24,2,E13
Schliessanlage / Beschläge,2025-09-26 08:00,2025-09-26 17:00,2,2,E13
Lüftung Apparatemontage,2025-09-24 08:00,2025-09-26 17:00,1,2,E13
Elektro Apparatemontage / Leuchten,2025-09-19 08:00,2025-09-25 17:00,1,4,E13
Einhängen Zimmertüren,2025-09-24 08:00,2025-09-24 17:00,2,2,E13
Weissputz Decke,2025-07-09 08:00,2025-07-11 17:00,1,4,E14
LBW einzeichen / 1-seitig beplanken,2025-07-14 08:00,2025-07-29 17:00,1,10,E14
Montage Zargen Zimmertüren,2025-07-28 08:00,2025-07-29 17:00,52,2,E14
Nasszelle - Vorwandelemente erstellen,2025-07-23 08:00,2025-07-29 17:00,1,2,E14
Ausholzung LBW,2025-07-23 08:00,2025-07-29 17:00,5,0,E14
Haustechnikinstallationen in LBW,2025-07-23 08:00,2025-08-06 17:00,10,4,E14
evtl. Brandschott,2025-08-05 08:00,2025-08-06 17:00,1,2,E14
UP Installation HLKS-E,2025-07-30 08:00,2025-08-11 17:00,58,10,E01
Montage Rahmen Eingangstüren,2025-08-11 08:00,2025-08-11 17:00,3,2,E14
Isolieren Unterlagsboden,2025-08-12 08:00,2025-08-13 17:00,1,4,E14
Einbringen Unterlagsboden,2025-08-14 08:00,2025-08-14 17:00,2,4,E14
Brüstung Fassade innen ergänzen,2025-09-09 08:00,2025-09-10 17:00,2,2,E14
Malerarbeiten Stahlzargen,2025-09-16 08:00,2025-09-17 17:00,1,0,E14
Montage Vorhangbrett,2025-09-18 08:00,2025-09-19 17:00,1,4,E14
Montage Küchenelemente,2025-08-25 08:00,2025-08-29 17:00,2,7,E14
Nasszelle - Badewanne / Dusche setzen,2025-08-21 08:00,2025-08-25 17:00,33,4,E14
Nasszelle - Abdichtung Boden / Wände,2025-09-23 08:00,2025-09-24 17:00,33,3,E14
Montage Abdeckplatte Küche,2025-09-22 08:00,2025-09-23 17:00,8,2,E14
Einhängen Wohnungseingangstüren,2025-10-08 08:00,2025-10-08 17:00,24,2,E14
Schliessanlage / Beschläge,2025-10-09 08:00,2025-10-09 17:00,2,2,E14
Lüftung Apparatemontage,2025-10-07 08:00,2025-10-09 17:00,1,2,E14
Elektro Apparatemontage / Leuchten,2025-10-02 08:00,2025-10-08 17:00,1,4,E14
Einhängen Zimmertüren,2025-10-07 08:00,2025-10-07 17:00,2,2,E14
Weissputz Decke,2025-07-22 08:00,2025-07-24 17:00,1,4,E15
LBW einzeichen / 1-seitig beplanken,2025-07-25 08:00,2025-08-12 17:00,1,10,E15
Montage Zargen Zimmertüren,2025-08-11 08:00,2025-08-12 17:00,52,2,E15
Nasszelle - Vorwandelemente erstellen,2025-08-06 08:00,2025-08-12 17:00,1,2,E15
Ausholzung LBW,2025-08-06 08:00,2025-08-12 17:00,5,0,E15
Haustechnikinstallationen in LBW,2025-08-06 08:00,2025-08-20 17:00,10,4,E15
evtl. Brandschott,2025-08-19 08:00,2025-08-20 17:00,1,2,E15
UP Installation HLKS-E,2025-08-13 08:00,2025-08-25 17:00,58,10,E01
Montage Rahmen Eingangstüren,2025-08-25 08:00,2025-08-25 17:00,3,2,E15
Isolieren Unterlagsboden,2025-08-26 08:00,2025-08-27 17:00,1,4,E15
Einbringen Unterlagsboden,2025-08-28 08:00,2025-08-28 17:00,2,4,E15
Brüstung Fassade innen ergänzen,2025-09-22 08:00,2025-09-23 17:00,2,2,E15
Malerarbeiten Stahlzargen,2025-09-29 08:00,2025-09-30 17:00,1,0,E15
Montage Vorhangbrett,2025-10-01 08:00,2025-10-02 17:00,1,4,E15
Montage Küchenelemente,2025-09-05 08:00,2025-09-11 17:00,2,7,E15
Nasszelle - Badewanne / Dusche setzen,2025-09-03 08:00,2025-09-05 17:00,33,4,E15
Nasszelle - Abdichtung Boden / Wände,2025-10-06 08:00,2025-10-07 17:00,33,3,E15
Montage Abdeckplatte Küche,2025-10-03 08:00,2025-10-06 17:00,8,2,E15
Einhängen Wohnungseingangstüren,2025-10-22 08:00,2025-10-22 17:00,24,2,E15
Schliessanlage / Beschläge,2025-10-23 08:00,2025-10-23 17:00,2,2,E15
Lüftung Apparatemontage,2025-10-21 08:00,2025-10-23 17:00,1,2,E15
Elektro Apparatemontage / Leuchten,2025-10-15 08:00,2025-10-22 17:00,1,4,E15
Einhängen Zimmertüren,2025-10-21 08:00,2025-10-21 17:00,2,2,E15
Weissputz Decke,2025-08-05 08:00,2025-08-07 17:00,1,4,E16
LBW einzeichen / 1-seitig beplanken,2025-08-08 08:00,2025-08-26 17:00,1,10,E16
Montage Zargen Zimmertüren,2025-08-25 08:00,2025-08-26 17:00,52,2,E16
Nasszelle - Vorwandelemente erstellen,2025-08-20 08:00,2025-08-26 17:00,1,2,E16
Ausholzung LBW,2025-08-20 08:00,2025-08-26 17:00,5,0,E16
Haustechnikinstallationen in LBW,2025-08-20 08:00,2025-09-02 17:00,10,4,E16
evtl. Brandschott,2025-09-01 08:00,2025-09-02 17:00,1,2,E16
UP Installation HLKS-E,2025-08-27 08:00,2025-09-05 17:00,58,10,E01
Montage Rahmen Eingangstüren,2025-09-05 08:00,2025-09-05 17:00,3,2,E16
Isolieren Unterlagsboden,2025-09-08 08:00,2025-09-09 17:00,1,4,E16
Einbringen Unterlagsboden,2025-09-10 08:00,2025-09-10 17:00,2,4,E16
Brüstung Fassade innen ergänzen,2025-10-03 08:00,2025-10-06 17:00,2,2,E16
Malerarbeiten Stahlzargen,2025-10-10 08:00,2025-10-13 17:00,1,0,E16
Montage Vorhangbrett,2025-10-14 08:00,2025-10-15 17:00,1,4,E16
Montage Küchenelemente,2025-09-18 08:00,2025-09-24 17:00,2,7,E16
Nasszelle - Badewanne / Dusche setzen,2025-09-16 08:00,2025-09-18 17:00,33,4,E16
Nasszelle - Abdichtung Boden / Wände,2025-10-20 08:00,2025-10-21 17:00,33,3,E16
Montage Abdeckplatte Küche,2025-10-17 08:00,2025-10-20 17:00,8,2,E16
Einhängen Wohnungseingangstüren,2025-11-04 08:00,2025-11-04 17:00,24,2,E16
Schliessanlage / Beschläge,2025-11-05 08:00,2025-11-05 17:00,2,2,E16
Lüftung Apparatemontage,2025-11-03 08:00,2025-11-05 17:00,1,2,E16
Elektro Apparatemontage / Leuchten,2025-10-29 08:00,2025-11-04 17:00,1,4,E16
Einhängen Zimmertüren,2025-11-03 08:00,2025-11-03 17:00,2,2,E16
Weissputz Decke,2025-08-19 08:00,2025-08-21 17:00,1,4,E17
LBW einzeichen / 1-seitig beplanken,2025-08-22 08:00,2025-09-08 17:00,1,10,E17
Montage Zargen Zimmertüren,2025-09-05 08:00,2025-09-08 17:00,52,2,E17
Nasszelle - Vorwandelemente erstellen,2025-09-02 08:00,2025-09-08 17:00,1,2,E17
Ausholzung LBW,2025-09-02 08:00,2025-09-08 17:00,5,0,E17
Haustechnikinstallationen in LBW,2025-09-02 08:00,2025-09-15 17:00,10,4,E17
evtl. Brandschott,2025-09-12 08:00,2025-09-15 17:00,1,2,E17
UP Installation HLKS-E,2025-09-09 08:00,2025-09-18 17:00,58,10,E01
Montage Rahmen Eingangstüren,2025-09-18 08:00,2025-09-18 17:00,3,2,E17
Isolieren Unterlagsboden,2025-09-19 08:00,2025-09-22 17:00,1,4,E17
Einbringen Unterlagsboden,2025-09-23 08:00,2025-09-23 17:00,2,4,E17
Brüstung Fassade innen ergänzen,2025-10-17 08:00,2025-10-20 17:00,2,2,E17
Malerarbeiten Stahlzargen,2025-10-24 08:00,2025-10-27 17:00,1,0,E17
Montage Vorhangbrett,2025-10-28 08:00,2025-10-29 17:00,1,4,E17
Montage Küchenelemente,2025-10-01 08:00,2025-10-07 17:00,2,7,E17
Nasszelle - Badewanne / Dusche setzen,2025-09-29 08:00,2025-10-01 17:00,33,4,E17
Nasszelle - Abdichtung Boden / Wände,2025-10-31 08:00,2025-11-03 17:00,33,3,E17
Montage Abdeckplatte Küche,2025-10-30 08:00,2025-10-31 17:00,8,2,E17
Einhängen Wohnungseingangstüren,2025-11-17 08:00,2025-11-17 17:00,24,2,E17
Schliessanlage / Beschläge,2025-11-18 08:00,2025-11-18 17:00,2,2,E17
Lüftung Apparatemontage,2025-11-14 08:00,2025-11-18 17:00,1,2,E17
Elektro Apparatemontage / Leuchten,2025-11-11 08:00,2025-11-17 17:00,1,4,E17
Einhängen Zimmertüren,2025-11-14 08:00,2025-11-14 17:00,2,2,E17
Weissputz Decke,2025-09-01 08:00,2025-09-03 17:00,1,4,E18
LBW einzeichen / 1-seitig beplanken,2025-09-04 08:00,2025-09-19 17:00,1,10,E18
Montage Zargen Zimmertüren,2025-09-18 08:00,2025-09-19 17:00,52,2,E18
Nasszelle - Vorwandelemente erstellen,2025-09-15 08:00,2025-09-19 17:00,1,2,E18
Ausholzung LBW,2025-09-15 08:00,2025-09-19 17:00,5,0,E18
Haustechnikinstallationen in LBW,2025-09-15 08:00,2025-09-26 17:00,10,4,E18
evtl. Brandschott,2025-09-25 08:00,2025-09-26 17:00,1,2,E18
UP Installation HLKS-E,2025-09-22 08:00,2025-10-01 17:00,58,10,E01
Montage Rahmen Eingangstüren,2025-10-01 08:00,2025-10-01 17:00,3,2,E18
Isolieren Unterlagsboden,2025-10-02 08:00,2025-10-03 17:00,1,4,E18
Einbringen Unterlagsboden,2025-10-06 08:00,2025-10-06 17:00,2,4,E18
Brüstung Fassade innen ergänzen,2025-10-30 08:00,2025-10-31 17:00,2,2,E18
Malerarbeiten Stahlzargen,2025-11-06 08:00,2025-11-07 17:00,1,0,E18
Montage Vorhangbrett,2025-11-10 08:00,2025-11-11 17:00,1,4,E18
Montage Küchenelemente,2025-10-14 08:00,2025-10-21 17:00,2,7,E18
Nasszelle - Badewanne / Dusche setzen,2025-10-10 08:00,2025-10-14 17:00,33,4,E18
Nasszelle - Abdichtung Boden / Wände,2025-11-13 08:00,2025-11-14 17:00,33,3,E18
Montage Abdeckplatte Küche,2025-11-12 08:00,2025-11-13 17:00,8,2,E18
Einhängen Wohnungseingangstüren,2025-11-28 08:00,2025-11-28 17:00,24,2,E18
Schliessanlage / Beschläge,2025-12-01 08:00,2025-12-01 17:00,2,2,E18
Lüftung Apparatemontage,2025-11-27 08:00,2025-12-01 17:00,1,2,E18
Elektro Apparatemontage / Leuchten,2025-11-24 08:00,2025-11-28 17:00,1,4,E18
Einhängen Zimmertüren,2025-11-27 08:00,2025-11-27 17:00,2,2,E18
Weissputz Decke,2025-09-12 08:00,2025-09-16 17:00,1,4,E19
LBW einzeichen / 1-seitig beplanken,2025-09-17 08:00,2025-10-02 17:00,1,10,E19
Montage Zargen Zimmertüren,2025-10-01 08:00,2025-10-02 17:00,52,2,E19
Nasszelle - Vorwandelemente erstellen,2025-09-26 08:00,2025-10-02 17:00,1,2,E19
Ausholzung LBW,2025-09-26 08:00,2025-10-02 17:00,5,0,E19
Haustechnikinstallationen in LBW,2025-09-26 08:00,2025-10-09 17:00,10,4,E19
evtl. Brandschott,2025-10-08 08:00,2025-10-09 17:00,1,2,E19
UP Installation HLKS-E,2025-10-03 08:00,2025-10-14 17:00,58,10,E01
Montage Rahmen Eingangstüren,2025-10-14 08:00,2025-10-14 17:00,3,2,E19
Isolieren Unterlagsboden,2025-10-15 08:00,2025-10-17 17:00,1,4,E19
Einbringen Unterlagsboden,2025-10-20 08:00,2025-10-20 17:00,2,4,E19
Brüstung Fassade innen ergänzen,2025-11-12 08:00,2025-11-13 17:00,2,2,E19
Malerarbeiten Stahlzargen,2025-11-19 08:00,2025-11-20 17:00,1,0,E19
Montage Vorhangbrett,2025-11-21 08:00,2025-11-24 17:00,1,4,E19
Montage Küchenelemente,2025-10-28 08:00,2025-11-03 17:00,2,7,E19
Nasszelle - Badewanne / Dusche setzen,2025-10-24 08:00,2025-10-28 17:00,33,4,E19
Nasszelle - Abdichtung Boden / Wände,2025-11-26 08:00,2025-11-27 17:00,33,3,E19
Montage Abdeckplatte Küche,2025-11-25 08:00,2025-11-26 17:00,8,2,E19
Einhängen Wohnungseingangstüren,2025-12-12 08:00,2025-12-12 17:00,24,2,E19
Schliessanlage / Beschläge,2025-12-15 08:00,2025-12-15 17:00,2,2,E19
Lüftung Apparatemontage,2025-12-11 08:00,2025-12-15 17:00,1,2,E19
Elektro Apparatemontage / Leuchten,2025-12-05 08:00,2025-12-12 17:00,1,4,E19
Einhängen Zimmertüren,2025-12-11 08:00,2025-12-11 17:00,2,2,E19
Weissputz Decke,2025-09-25 08:00,2025-09-29 17:00,1,4,E20
LBW einzeichen / 1-seitig beplanken,2025-09-30 08:00,2025-10-15 17:00,1,10,E20
Montage Zargen Zimmertüren,2025-10-14 08:00,2025-10-15 17:00,52,2,E20
Nasszelle - Vorwandelemente erstellen,2025-10-09 08:00,2025-10-15 17:00,1,2,E20
Ausholzung LBW,2025-10-09 08:00,2025-10-15 17:00,5,0,E20
Haustechnikinstallationen in LBW,2025-10-09 08:00,2025-10-23 17:00,10,4,E20
evtl. Brandschott,2025-10-22 08:00,2025-10-23 17:00,1,2,E20
UP Installation HLKS-E,2025-10-17 08:00,2025-10-28 17:00,58,10,E01
Montage Rahmen Eingangstüren,2025-10-28 08:00,2025-10-28 17:00,3,2,E20
Isolieren Unterlagsboden,2025-10-29 08:00,2025-10-30 17:00,1,4,E20
Einbringen Unterlagsboden,2025-10-31 08:00,2025-10-31 17:00,2,4,E20
Brüstung Fassade innen ergänzen,2025-11-25 08:00,2025-11-26 17:00,2,2,E20
Malerarbeiten Stahlzargen,2025-12-02 08:00,2025-12-03 17:00,1,0,E20
Montage Vorhangbrett,2025-12-04 08:00,2025-12-05 17:00,1,4,E20
Montage Küchenelemente,2025-11-10 08:00,2025-11-14 17:00,2,7,E20
Nasszelle - Badewanne / Dusche setzen,2025-11-06 08:00,2025-11-10 17:00,33,4,E20
Nasszelle - Abdichtung Boden / Wände,2025-12-10 08:00,2025-12-11 17:00,33,3,E20
Montage Abdeckplatte Küche,2025-12-09 08:00,2025-12-10 17:00,8,2,E20
Einhängen Wohnungseingangstüren,2026-01-07 08:00,2026-01-07 17:00,24,2,E20
Schliessanlage / Beschläge,2026-01-08 08:00,2026-01-08 17:00,2,2,E20
Lüftung Apparatemontage,2026-01-06 08:00,2026-01-08 17:00,1,2,E20
Elektro Apparatemontage / Leuchten,2025-12-19 08:00,2026-01-07 17:00,1,4,E20
Einhängen Zimmertüren,2026-01-06 08:00,2026-01-06 17:00,2,2,E20
Weissputz Decke,2025-10-08 08:00,2025-10-10 17:00,1,4,E21
LBW einzeichen / 1-seitig beplanken,2025-10-13 08:00,2025-10-29 17:00,1,10,E21
Montage Zargen Zimmertüren,2025-10-28 08:00,2025-10-29 17:00,52,2,E21
Nasszelle - Vorwandelemente erstellen,2025-10-23 08:00,2025-10-29 17:00,1,2,E21
Ausholzung LBW,2025-10-23 08:00,2025-10-29 17:00,5,0,E21
Haustechnikinstallationen in LBW,2025-10-23 08:00,2025-11-05 17:00,10,4,E21
evtl. Brandschott,2025-11-04 08:00,2025-11-05 17:00,1,2,E21
UP Installation HLKS-E,2025-10-30 08:00,2025-11-10 17:00,58,10,E01
Montage Rahmen Eingangstüren,2025-11-10 08:00,2025-11-10 17:00,3,2,E21
Isolieren Unterlagsboden,2025-11-11 08:00,2025-11-12 17:00,1,4,E21
Einbringen Unterlagsboden,2025-11-13 08:00,2025-11-13 17:00,2,4,E21
Brüstung Fassade innen ergänzen,2025-12-09 08:00,2025-12-10 17:00,2,2,E21
Malerarbeiten Stahlzargen,2025-12-16 08:00,2025-12-17 17:00,1,0,E21
Montage Vorhangbrett,2025-12-18 08:00,2025-12-19 17:00,1,4,E21
Montage Küchenelemente,2025-11-21 08:00,2025-11-27 17:00,2,7,E21
Nasszelle - Badewanne / Dusche setzen,2025-11-19 08:00,2025-11-21 17:00,33,4,E21
Nasszelle - Abdichtung Boden / Wände,2025-12-23 08:00,2026-01-06 17:00,33,3,E21
Montage Abdeckplatte Küche,2025-12-22 08:00,2025-12-23 17:00,8,2,E21
Einhängen Wohnungseingangstüren,2026-01-20 08:00,2026-01-20 17:00,24,2,E21
Schliessanlage / Beschläge,2026-01-21 08:00,2026-01-21 17:00,2,2,E21
Lüftung Apparatemontage,2026-01-19 08:00,2026-01-21 17:00,1,2,E21
Elektro Apparatemontage / Leuchten,2026-01-14 08:00,2026-01-20 17:00,1,4,E21
Einhängen Zimmertüren,2026-01-19 08:00,2026-01-19 17:00,2,2,E21
Weissputz Decke,2025-10-21 08:00,2025-10-23 17:00,1,4,E22
LBW einzeichen / 1-seitig beplanken,2025-10-24 08:00,2025-11-10 17:00,1,10,E22
Montage Zargen Zimmertüren,2025-11-07 08:00,2025-11-10 17:00,52,2,E22
Nasszelle - Vorwandelemente erstellen,2025-11-04 08:00,2025-11-10 17:00,1,2,E22
Ausholzung LBW,2025-11-04 08:00,2025-11-10 17:00,5,0,E22
Haustechnikinstallationen in LBW,2025-11-04 08:00,2025-11-17 17:00,10,4,E22
evtl. Brandschott,2025-11-14 08:00,2025-11-17 17:00,1,2,E22
UP Installation HLKS-E,2025-11-11 08:00,2025-11-20 17:00,58,10,E01
Montage Rahmen Eingangstüren,2025-11-20 08:00,2025-11-20 17:00,3,2,E22
Isolieren Unterlagsboden,2025-11-21 08:00,2025-11-24 17:00,1,4,E22
Einbringen Unterlagsboden,2025-11-25 08:00,2025-11-25 17:00,2,4,E22
Brüstung Fassade innen ergänzen,2025-12-19 08:00,2025-12-22 17:00,2,2,E22
Malerarbeiten Stahlzargen,2026-01-08 08:00,2026-01-09 17:00,1,0,E22
Montage Vorhangbrett,2026-01-12 08:00,2026-01-13 17:00,1,4,E22
Montage Küchenelemente,2025-12-03 08:00,2025-12-10 17:00,2,7,E22
Nasszelle - Badewanne / Dusche setzen,2025-12-01 08:00,2025-12-03 17:00,33,4,E22
Nasszelle - Abdichtung Boden / Wände,2026-01-15 08:00,2026-01-16 17:00,33,3,E22
Montage Abdeckplatte Küche,2026-01-14 08:00,2026-01-15 17:00,8,2,E22
Einhängen Wohnungseingangstüren,2026-01-30 08:00,2026-01-30 17:00,24,2,E22
Schliessanlage / Beschläge,2026-02-02 08:00,2026-02-02 17:00,2,2,E22
Lüftung Apparatemontage,2026-01-29 08:00,2026-02-02 17:00,1,2,E22
Elektro Apparatemontage / Leuchten,2026-01-26 08:00,2026-01-30 17:00,1,4,E22
Einhängen Zimmertüren,2026-01-29 08:00,2026-01-29 17:00,2,2,E22
Weissputz Decke,2025-10-31 08:00,2025-11-04 17:00,1,4,E23
LBW einzeichen / 1-seitig beplanken,2025-11-05 08:00,2025-11-20 17:00,1,10,E23
Montage Zargen Zimmertüren,2025-11-19 08:00,2025-11-20 17:00,52,2,E23
Nasszelle - Vorwandelemente erstellen,2025-11-14 08:00,2025-11-20 17:00,1,2,E23
Ausholzung LBW,2025-11-14 08:00,2025-11-20 17:00,5,0,E23
Haustechnikinstallationen in LBW,2025-11-14 08:00,2025-11-27 17:00,10,4,E23
evtl. Brandschott,2025-11-26 08:00,2025-11-27 17:00,1,2,E23
UP Installation HLKS-E,2025-11-21 08:00,2025-12-02 17:00,58,10,E01
Montage Rahmen Eingangstüren,2025-12-02 08:00,2025-12-02 17:00,3,2,E23
Isolieren Unterlagsboden,2025-12-03 08:00,2025-12-04 17:00,1,4,E23
Einbringen Unterlagsboden,2025-12-05 08:00,2025-12-05 17:00,2,4,E23
Brüstung Fassade innen ergänzen,2026-01-13 08:00,2026-01-14 17:00,2,2,E23
Malerarbeiten Stahlzargen,2026-01-20 08:00,2026-01-21 17:00,1,0,E23
Montage Vorhangbrett,2026-01-22 08:00,2026-01-23 17:00,1,4,E23
Montage Küchenelemente,2025-12-16 08:00,2025-12-22 17:00,2,7,E23
Nasszelle - Badewanne / Dusche setzen,2025-12-12 08:00,2025-12-16 17:00,33,4,E23
Nasszelle - Abdichtung Boden / Wände,2026-01-27 08:00,2026-01-28 17:00,33,3,E23
Montage Abdeckplatte Küche,2026-01-26 08:00,2026-01-27 17:00,8,2,E23
Einhängen Wohnungseingangstüren,2026-02-11 08:00,2026-02-11 17:00,24,2,E23
Schliessanlage / Beschläge,2026-02-12 08:00,2026-02-12 17:00,2,2,E23
Lüftung Apparatemontage,2026-02-10 08:00,2026-02-12 17:00,1,2,E23
Elektro Apparatemontage / Leuchten,2026-02-05 08:00,2026-02-11 17:00,1,4,E23
Einhängen Zimmertüren,2026-02-10 08:00,2026-02-10 17:00,2,2,E23
Grundputz Betonwände inkl. Grundierung,2025-11-10 08:00,2025-11-11 17:00,1,4,E24
Weissputz Decke,2025-11-12 08:00,2025-11-14 17:00,1,4,E24
LBW einzeichen / 1-seitig beplanken,2025-11-17 08:00,2025-12-02 17:00,52,10,E24
Montage Zargen Zimmertüren,2025-12-01 08:00,2025-12-02 17:00,1,2,E24
Nasszelle - Vorwandelemente erstellen,2025-11-26 08:00,2025-12-02 17:00,5,2,E24
Ausholzung LBW,2025-11-26 08:00,2025-12-02 17:00,10,0,E24
Haustechnikinstallationen in LBW,2025-11-26 08:00,2025-12-10 17:00,1,4,E24
LBW stellen / isolieren,2025-12-03 08:00,2025-12-15 17:00,58,10,E24
UP Installation HLKS-E,2025-12-03 08:00,2025-12-15 17:00,3,10,E01
Montage Rahmen Eingangstüren,2025-12-15 08:00,2025-12-15 17:00,1,2,E24
Isolieren Unterlagsboden,2025-12-16 08:00,2025-12-17 17:00,2,4,E24
Abrieb Wände / Spachteln,2026-01-15 08:00,2026-01-22 17:00,2,7,E24
Malerarbeiten Wände / Decken,2026-01-23 08:00,2026-01-29 17:00,1,7,E24
Malerarbeiten Stahlzargen,2026-01-30 08:00,2026-02-02 17:00,1,0,E24
Montage Vorhangbrett,2026-02-03 08:00,2026-02-04 17:00,2,4,E24
Nasszelle - Vorwandelemente ausflocken,2026-02-02 08:00,2026-02-03 17:00,33,2,E24
Nasszelle - Badewanne / Dusche setzen,2026-01-06 08:00,2026-01-08 17:00,33,4,E24
Nasszelle - Plattenarbeiten Boden / Wände,2026-02-10 08:00,2026-02-23 17:00,8,7,E24
Parkettbeläge inkl. Sockelleisten,2026-02-17 08:00,2026-02-23 17:00,24,6,E24
Einhängen Wohnungseingangstüren,2026-02-23 08:00,2026-02-23 17:00,2,2,E24
Sanitär Apparatemontage,2026-02-18 08:00,2026-02-24 17:00,1,4,E24
Lüftung Apparatemontage,2026-02-20 08:00,2026-02-24 17:00,1,2,E24
Elektro Apparatemontage / Leuchten,2026-02-17 08:00,2026-02-23 17:00,2,4,E24
Weissputz Decke,2025-11-24 08:00,2025-11-26 17:00,1,4,E25
LBW einzeichen / 1-seitig beplanken,2025-11-27 08:00,2025-12-15 17:00,1,10,E25
Montage Zargen Zimmertüren,2025-12-12 08:00,2025-12-15 17:00,52,2,E25
Nasszelle - Vorwandelemente erstellen,2025-12-09 08:00,2025-12-15 17:00,1,2,E25
Ausholzung LBW,2025-12-09 08:00,2025-12-15 17:00,5,0,E25
Haustechnikinstallationen in LBW,2025-12-09 08:00,2025-12-22 17:00,10,4,E25
evtl. Brandschott,2025-12-19 08:00,2025-12-22 17:00,1,2,E25
UP Installation HLKS-E,2025-12-16 08:00,2026-01-07 17:00,58,10,E01
Montage Rahmen Eingangstüren,2026-01-07 08:00,2026-01-07 17:00,3,2,E25
Isolieren Unterlagsboden,2026-01-08 08:00,2026-01-09 17:00,1,4,E25
Einbringen Unterlagsboden,2026-01-12 08:00,2026-01-12 17:00,2,4,E25
Brüstung Fassade innen ergänzen,2026-02-04 08:00,2026-02-05 17:00,2,2,E25
Malerarbeiten Stahlzargen,2026-02-11 08:00,2026-02-12 17:00,1,0,E25
Montage Vorhangbrett,2026-02-13 08:00,2026-02-16 17:00,1,4,E25
Montage Küchenelemente,2026-01-20 08:00,2026-01-26 17:00,2,7,E25
Nasszelle - Badewanne / Dusche setzen,2026-01-16 08:00,2026-01-20 17:00,33,4,E25
Nasszelle - Abdichtung Boden / Wände,2026-02-18 08:00,2026-02-19 17:00,33,3,E25
Montage Abdeckplatte Küche,2026-02-17 08:00,2026-02-18 17:00,8,2,E25
Einhängen Wohnungseingangstüren,2026-03-05 08:00,2026-03-05 17:00,24,2,E25
Schliessanlage / Beschläge,2026-03-06 08:00,2026-03-06 17:00,2,2,E25
Lüftung Apparatemontage,2026-03-04 08:00,2026-03-06 17:00,1,2,E25
Elektro Apparatemontage / Leuchten,2026-02-27 08:00,2026-03-05 17:00,1,4,E25
Einhängen Zimmertüren,2026-03-04 08:00,2026-03-04 17:00,2,2,E25
Weissputz Decke,2025-12-04 08:00,2025-12-09 17:00,1,4,E26
LBW einzeichen / 1-seitig beplanken,2025-12-10 08:00,2026-01-07 17:00,1,10,E26
Montage Zargen Zimmertüren,2026-01-06 08:00,2026-01-07 17:00,52,2,E26
Nasszelle - Vorwandelemente erstellen,2025-12-19 08:00,2026-01-07 17:00,1,2,E26
Ausholzung LBW,2025-12-19 08:00,2026-01-07 17:00,5,0,E26
Haustechnikinstallationen in LBW,2025-12-19 08:00,2026-01-14 17:00,10,4,E26
evtl. Brandschott,2026-01-13 08:00,2026-01-14 17:00,1,2,E26
UP Installation HLKS-E,2026-01-08 08:00,2026-01-19 17:00,58,10,E01
Montage Rahmen Eingangstüren,2026-01-19 08:00,2026-01-19 17:00,3,2,E26
Isolieren Unterlagsboden,2026-01-20 08:00,2026-01-21 17:00,1,4,E26
Einbringen Unterlagsboden,2026-01-22 08:00,2026-01-22 17:00,2,4,E26
Brüstung Fassade innen ergänzen,2026-02-16 08:00,2026-02-17 17:00,2,2,E26
Malerarbeiten Stahlzargen,2026-02-23 08:00,2026-02-24 17:00,1,0,E26
Montage Vorhangbrett,2026-02-25 08:00,2026-02-26 17:00,1,4,E26
Montage Küchenelemente,2026-01-30 08:00,2026-02-05 17:00,2,7,E26
Nasszelle - Badewanne / Dusche setzen,2026-01-28 08:00,2026-01-30 17:00,33,4,E26
Nasszelle - Abdichtung Boden / Wände,2026-03-02 08:00,2026-03-03 17:00,33,3,E26
Montage Abdeckplatte Küche,2026-02-27 08:00,2026-03-02 17:00,8,2,E26
Einhängen Wohnungseingangstüren,2026-03-17 08:00,2026-03-17 17:00,24,2,E26
Schliessanlage / Beschläge,2026-03-18 08:00,2026-03-18 17:00,2,2,E26
Lüftung Apparatemontage,2026-03-16 08:00,2026-03-18 17:00,1,2,E26
Elektro Apparatemontage / Leuchten,2026-03-11 08:00,2026-03-17 17:00,1,4,E26
Einhängen Zimmertüren,2026-03-16 08:00,2026-03-16 17:00,2,2,E26
Weissputz Decke,2025-12-17 08:00,2025-12-19 17:00,1,4,E27
LBW einzeichen / 1-seitig beplanken,2025-12-22 08:00,2026-01-19 17:00,1,10,E27
Montage Zargen Zimmertüren,2026-01-16 08:00,2026-01-19 17:00,52,2,E27
Nasszelle - Vorwandelemente erstellen,2026-01-13 08:00,2026-01-19 17:00,1,2,E27
Ausholzung LBW,2026-01-13 08:00,2026-01-19 17:00,5,0,E27
Haustechnikinstallationen in LBW,2026-01-13 08:00,2026-01-26 17:00,10,4,E27
evtl. Brandschott,2026-01-23 08:00,2026-01-26 17:00,1,2,E27
UP Installation HLKS-E,2026-01-20 08:00,2026-01-29 17:00,58,10,E01
Montage Rahmen Eingangstüren,2026-01-29 08:00,2026-01-29 17:00,3,2,E27
Isolieren Unterlagsboden,2026-01-30 08:00,2026-02-02 17:00,1,4,E27
Einbringen Unterlagsboden,2026-02-03 08:00,2026-02-03 17:00,2,4,E27
Brüstung Fassade innen ergänzen,2026-02-26 08:00,2026-02-27 17:00,2,2,E27
Malerarbeiten Stahlzargen,2026-03-05 08:00,2026-03-06 17:00,1,0,E27
Montage Vorhangbrett,2026-03-09 08:00,2026-03-10 17:00,1,4,E27
Montage Küchenelemente,2026-02-11 08:00,2026-02-17 17:00,2,7,E27
Nasszelle - Badewanne / Dusche setzen,2026-02-09 08:00,2026-02-11 17:00,33,4,E27
Nasszelle - Abdichtung Boden / Wände,2026-03-12 08:00,2026-03-13 17:00,33,3,E27
Montage Abdeckplatte Küche,2026-03-11 08:00,2026-03-12 17:00,8,2,E27
Einhängen Wohnungseingangstüren,2026-03-27 08:00,2026-03-27 17:00,24,2,E27
Schliessanlage / Beschläge,2026-03-30 08:00,2026-03-30 17:00,2,2,E27
Lüftung Apparatemontage,2026-03-26 08:00,2026-03-30 17:00,1,2,E27
Elektro Apparatemontage / Leuchten,2026-03-23 08:00,2026-03-27 17:00,1,4,E27
Einhängen Zimmertüren,2026-03-26 08:00,2026-03-26 17:00,2,2,E27
Weissputz Decke,2026-01-09 08:00,2026-01-13 17:00,1,4,E28
LBW einzeichen / 1-seitig beplanken,2026-01-14 08:00,2026-01-29 17:00,1,10,E28
Montage Zargen Zimmertüren,2026-01-28 08:00,2026-01-29 17:00,52,2,E28
Nasszelle - Vorwandelemente erstellen,2026-01-23 08:00,2026-01-29 17:00,1,2,E28
Ausholzung LBW,2026-01-23 08:00,2026-01-29 17:00,5,0,E28
Haustechnikinstallationen in LBW,2026-01-23 08:00,2026-02-05 17:00,10,4,E28
evtl. Brandschott,2026-02-04 08:00,2026-02-05 17:00,1,2,E28
UP Installation HLKS-E,2026-01-30 08:00,2026-02-10 17:00,58,10,E01
Montage Rahmen Eingangstüren,2026-02-10 08:00,2026-02-10 17:00,3,2,E28
Isolieren Unterlagsboden,2026-02-11 08:00,2026-02-12 17:00,1,4,E28
Einbringen Unterlagsboden,2026-02-13 08:00,2026-02-13 17:00,2,4,E28
Brüstung Fassade innen ergänzen,2026-03-10 08:00,2026-03-11 17:00,2,2,E28
Malerarbeiten Stahlzargen,2026-03-17 08:00,2026-03-18 17:00,1,0,E28
Montage Vorhangbrett,2026-03-19 08:00,2026-03-20 17:00,1,4,E28
Montage Küchenelemente,2026-02-23 08:00,2026-02-27 17:00,2,7,E28
Nasszelle - Badewanne / Dusche setzen,2026-02-19 08:00,2026-02-23 17:00,33,4,E28
Nasszelle - Abdichtung Boden / Wände,2026-03-24 08:00,2026-03-25 17:00,33,3,E28
Montage Abdeckplatte Küche,2026-03-23 08:00,2026-03-24 17:00,8,2,E28
Einhängen Wohnungseingangstüren,2026-04-09 08:00,2026-04-09 17:00,24,2,E28
Schliessanlage / Beschläge,2026-04-10 08:00,2026-04-10 17:00,2,2,E28
Lüftung Apparatemontage,2026-04-08 08:00,2026-04-10 17:00,1,2,E28
Elektro Apparatemontage / Leuchten,2026-04-02 08:00,2026-04-09 17:00,1,4,E28
Einhängen Zimmertüren,2026-04-08 08:00,2026-04-08 17:00,2,2,E28
Weissputz Decke,2026-01-21 08:00,2026-01-23 17:00,1,4,E29
LBW einzeichen / 1-seitig beplanken,2026-01-26 08:00,2026-02-10 17:00,1,10,E29
Montage Zargen Zimmertüren,2026-02-09 08:00,2026-02-10 17:00,52,2,E29
Nasszelle - Vorwandelemente erstellen,2026-02-04 08:00,2026-02-10 17:00,1,2,E29
Ausholzung LBW,2026-02-04 08:00,2026-02-10 17:00,5,0,E29
Haustechnikinstallationen in LBW,2026-02-04 08:00,2026-02-17 17:00,10,4,E29
evtl. Brandschott,2026-02-16 08:00,2026-02-17 17:00,1,2,E29
UP Installation HLKS-E,2026-02-11 08:00,2026-02-20 17:00,58,10,E01
Montage Rahmen Eingangstüren,2026-02-20 08:00,2026-02-20 17:00,3,2,E29
Isolieren Unterlagsboden,2026-02-23 08:00,2026-02-24 17:00,1,4,E29
Einbringen Unterlagsboden,2026-02-25 08:00,2026-02-25 17:00,2,4,E29
Brüstung Fassade innen ergänzen,2026-03-20 08:00,2026-03-23 17:00,2,2,E29
Malerarbeiten Stahlzargen,2026-03-27 08:00,2026-03-30 17:00,1,0,E29
Montage Vorhangbrett,2026-03-31 08:00,2026-04-01 17:00,1,4,E29
Montage Küchenelemente,2026-03-05 08:00,2026-03-11 17:00,2,7,E29
Nasszelle - Badewanne / Dusche setzen,2026-03-03 08:00,2026-03-05 17:00,33,4,E29
Nasszelle - Abdichtung Boden / Wände,2026-04-06 08:00,2026-04-07 17:00,33,3,E29
Montage Abdeckplatte Küche,2026-04-02 08:00,2026-04-06 17:00,8,2,E29
Einhängen Wohnungseingangstüren,2026-04-21 08:00,2026-04-21 17:00,24,2,E29
Schliessanlage / Beschläge,2026-04-22 08:00,2026-04-22 17:00,2,2,E29
Lüftung Apparatemontage,2026-04-20 08:00,2026-04-22 17:00,1,2,E29
Elektro Apparatemontage / Leuchten,2026-04-15 08:00,2026-04-21 17:00,1,4,E29
Einhängen Zimmertüren,2026-04-20 08:00,2026-04-20 17:00,2,2,E29
Weissputz Decke,2026-02-02 08:00,2026-02-04 17:00,1,4,E30
LBW einzeichen / 1-seitig beplanken,2026-02-05 08:00,2026-02-20 17:00,1,10,E30
Montage Zargen Zimmertüren,2026-02-19 08:00,2026-02-20 17:00,52,2,E30
Nasszelle - Vorwandelemente erstellen,2026-02-16 08:00,2026-02-20 17:00,1,2,E30
Ausholzung LBW,2026-02-16 08:00,2026-02-20 17:00,5,0,E30
Haustechnikinstallationen in LBW,2026-02-16 08:00,2026-02-27 17:00,10,4,E30
evtl. Brandschott,2026-02-26 08:00,2026-02-27 17:00,1,2,E30
UP Installation HLKS-E,2026-02-23 08:00,2026-03-04 17:00,58,10,E01
Montage Rahmen Eingangstüren,2026-03-04 08:00,2026-03-04 17:00,3,2,E30
Isolieren Unterlagsboden,2026-03-05 08:00,2026-03-06 17:00,1,4,E30
Einbringen Unterlagsboden,2026-03-09 08:00,2026-03-09 17:00,2,4,E30
Brüstung Fassade innen ergänzen,2026-04-01 08:00,2026-04-02 17:00,2,2,E30
Malerarbeiten Stahlzargen,2026-04-09 08:00,2026-04-10 17:00,1,0,E30
Montage Vorhangbrett,2026-04-13 08:00,2026-04-14 17:00,1,4,E30
Montage Küchenelemente,2026-03-17 08:00,2026-03-23 17:00,2,7,E30
Nasszelle - Badewanne / Dusche setzen,2026-03-13 08:00,2026-03-17 17:00,33,4,E30
Nasszelle - Abdichtung Boden / Wände,2026-04-16 08:00,2026-04-17 17:00,33,3,E30
Montage Abdeckplatte Küche,2026-04-15 08:00,2026-04-16 17:00,8,2,E30
Einhängen Wohnungseingangstüren,2026-05-01 08:00,2026-05-01 17:00,24,2,E30
Schliessanlage / Beschläge,2026-05-04 08:00,2026-05-04 17:00,2,2,E30
Lüftung Apparatemontage,2026-04-30 08:00,2026-05-04 17:00,1,2,E30
Elektro Apparatemontage / Leuchten,2026-04-27 08:00,2026-05-01 17:00,1,4,E30
Einhängen Zimmertüren,2026-04-30 08:00,2026-04-30 17:00,2,2,E30
Weissputz Decke,2026-02-12 08:00,2026-02-16 17:00,1,4,E31
LBW einzeichen / 1-seitig beplanken,2026-02-17 08:00,2026-03-04 17:00,1,10,E31
Montage Zargen Zimmertüren,2026-03-03 08:00,2026-03-04 17:00,52,2,E31
Nasszelle - Vorwandelemente erstellen,2026-02-26 08:00,2026-03-04 17:00,1,2,E31
Ausholzung LBW,2026-02-26 08:00,2026-03-04 17:00,5,0,E31
Haustechnikinstallationen in LBW,2026-02-26 08:00,2026-03-11 17:00,10,4,E31
evtl. Brandschott,2026-03-10 08:00,2026-03-11 17:00,1,2,E31
UP Installation HLKS-E,2026-03-05 08:00,2026-03-16 17:00,58,10,E01
Montage Rahmen Eingangstüren,2026-03-16 08:00,2026-03-16 17:00,3,2,E31
Isolieren Unterlagsboden,2026-03-17 08:00,2026-03-18 17:00,1,4,E31
Einbringen Unterlagsboden,2026-03-19 08:00,2026-03-19 17:00,2,4,E31
Brüstung Fassade innen ergänzen,2026-04-14 08:00,2026-04-15 17:00,2,2,E31
Malerarbeiten Stahlzargen,2026-04-21 08:00,2026-04-22 17:00,1,0,E31
Montage Vorhangbrett,2026-04-23 08:00,2026-04-24 17:00,1,4,E31
Montage Küchenelemente,2026-03-27 08:00,2026-04-02 17:00,2,7,E31
Nasszelle - Badewanne / Dusche setzen,2026-03-24 08:00,2026-03-26 17:00,33,4,E31
Nasszelle - Abdichtung Boden / Wände,2026-04-28 08:00,2026-04-29 17:00,33,3,E31
Montage Abdeckplatte Küche,2026-04-27 08:00,2026-04-28 17:00,8,2,E31
Einhängen Wohnungseingangstüren,2026-05-13 08:00,2026-05-13 17:00,24,2,E31
Schliessanlage / Beschläge,2026-05-15 08:00,2026-05-15 17:00,2,2,E31
Lüftung Apparatemontage,2026-05-12 08:00,2026-05-15 17:00,1,2,E31
Elektro Apparatemontage / Leuchten,2026-05-07 08:00,2026-05-13 17:00,1,4,E31
Einhängen Zimmertüren,2026-05-12 08:00,2026-05-12 17:00,2,2,E31
Weissputz Decke,2026-02-23 08:00,2026-02-25 17:00,1,4,E32
LBW einzeichen / 1-seitig beplanken,2026-02-26 08:00,2026-03-13 17:00,1,10,E32
Montage Zargen Zimmertüren,2026-03-12 08:00,2026-03-13 17:00,52,2,E32
Nasszelle - Vorwandelemente erstellen,2026-03-09 08:00,2026-03-13 17:00,1,2,E32
Ausholzung LBW,2026-03-09 08:00,2026-03-13 17:00,5,0,E32
Haustechnikinstallationen in LBW,2026-03-09 08:00,2026-03-20 17:00,10,4,E32
evtl. Brandschott,2026-03-19 08:00,2026-03-20 17:00,1,2,E32
UP Installation HLKS-E,2026-03-16 08:00,2026-03-25 17:00,58,10,E01
Montage Rahmen Eingangstüren,2026-03-25 08:00,2026-03-25 17:00,3,2,E32
Isolieren Unterlagsboden,2026-03-26 08:00,2026-03-27 17:00,1,4,E32
Einbringen Unterlagsboden,2026-03-30 08:00,2026-03-30 17:00,2,4,E32
Brüstung Fassade innen ergänzen,2026-04-23 08:00,2026-04-24 17:00,2,2,E32
Malerarbeiten Stahlzargen,2026-04-30 08:00,2026-05-01 17:00,1,0,E32
Montage Vorhangbrett,2026-05-04 08:00,2026-05-05 17:00,1,4,E32
Montage Küchenelemente,2026-04-08 08:00,2026-04-14 17:00,2,7,E32
Nasszelle - Badewanne / Dusche setzen,2026-04-02 08:00,2026-04-07 17:00,33,4,E32
Nasszelle - Abdichtung Boden / Wände,2026-05-07 08:00,2026-05-08 17:00,33,3,E32
Montage Abdeckplatte Küche,2026-05-06 08:00,2026-05-07 17:00,8,2,E32
Einhängen Wohnungseingangstüren,2026-05-26 08:00,2026-05-26 17:00,24,2,E32
Schliessanlage / Beschläge,2026-05-27 08:00,2026-05-27 17:00,2,2,E32
Lüftung Apparatemontage,2026-05-22 08:00,2026-05-27 17:00,1,2,E32
Elektro Apparatemontage / Leuchten,2026-05-19 08:00,2026-05-26 17:00,1,4,E32
Einhängen Zimmertüren,2026-05-22 08:00,2026-05-22 17:00,2,2,E32
Weissputz Decke,2026-03-04 08:00,2026-03-06 17:00,1,4,E33
LBW einzeichen / 1-seitig beplanken,2026-03-09 08:00,2026-03-24 17:00,1,10,E33
Montage Zargen Zimmertüren,2026-03-23 08:00,2026-03-24 17:00,52,2,E33
Nasszelle - Vorwandelemente erstellen,2026-03-18 08:00,2026-03-24 17:00,1,2,E33
Ausholzung LBW,2026-03-18 08:00,2026-03-24 17:00,5,0,E33
Haustechnikinstallationen in LBW,2026-03-18 08:00,2026-03-31 17:00,10,4,E33
evtl. Brandschott,2026-03-30 08:00,2026-03-31 17:00,1,2,E33
UP Installation HLKS-E,2026-03-25 08:00,2026-04-06 17:00,58,10,E01
Montage Rahmen Eingangstüren,2026-04-06 08:00,2026-04-06 17:00,3,2,E33
Isolieren Unterlagsboden,2026-04-07 08:00,2026-04-08 17:00,1,4,E33
Einbringen Unterlagsboden,2026-04-09 08:00,2026-04-09 17:00,2,4,E33
Brüstung Fassade innen ergänzen,2026-05-04 08:00,2026-05-05 17:00,2,2,E33
Malerarbeiten Stahlzargen,2026-05-11 08:00,2026-05-12 17:00,1,0,E33
Montage Vorhangbrett,2026-05-13 08:00,2026-05-15 17:00,1,4,E33
Montage Küchenelemente,2026-04-17 08:00,2026-04-23 17:00,2,7,E33
Nasszelle - Badewanne / Dusche setzen,2026-04-14 08:00,2026-04-16 17:00,33,4,E33
Nasszelle - Abdichtung Boden / Wände,2026-05-19 08:00,2026-05-20 17:00,33,3,E33
Montage Abdeckplatte Küche,2026-05-18 08:00,2026-05-19 17:00,8,2,E33
Einhängen Wohnungseingangstüren,2026-06-05 08:00,2026-06-05 17:00,24,2,E33
Schliessanlage / Beschläge,2026-06-08 08:00,2026-06-08 17:00,2,2,E33
Lüftung Apparatemontage,2026-06-03 08:00,2026-06-08 17:00,1,2,E33
Elektro Apparatemontage / Leuchten,2026-05-29 08:00,2026-06-05 17:00,1,4,E33
Einhängen Zimmertüren,2026-06-03 08:00,2026-06-03 17:00,2,2,E33
Weissputz Decke,2026-03-13 08:00,2026-03-17 17:00,1,4,E34
LBW einzeichen / 1-seitig beplanken,2026-03-18 08:00,2026-04-02 17:00,1,10,E34
Montage Zargen Zimmertüren,2026-04-01 08:00,2026-04-02 17:00,52,2,E34
Nasszelle - Vorwandelemente erstellen,2026-03-27 08:00,2026-04-02 17:00,1,2,E34
Ausholzung LBW,2026-03-27 08:00,2026-04-02 17:00,5,0,E34
Haustechnikinstallationen in LBW,2026-03-27 08:00,2026-04-10 17:00,10,4,E34
evtl. Brandschott,2026-04-09 08:00,2026-04-10 17:00,1,2,E34
UP Installation HLKS-E,2026-04-06 08:00,2026-04-15 17:00,58,10,E01
Montage Rahmen Eingangstüren,2026-04-15 08:00,2026-04-15 17:00,3,2,E34
Isolieren Unterlagsboden,2026-04-16 08:00,2026-04-17 17:00,1,4,E34
Einbringen Unterlagsboden,2026-04-20 08:00,2026-04-20 17:00,2,4,E34
Brüstung Fassade innen ergänzen,2026-05-13 08:00,2026-05-15 17:00,2,2,E34
Malerarbeiten Stahlzargen,2026-05-21 08:00,2026-05-22 17:00,1,0,E34
Montage Vorhangbrett,2026-05-26 08:00,2026-05-27 17:00,1,4,E34
Montage Küchenelemente,2026-04-28 08:00,2026-05-04 17:00,2,7,E34
Nasszelle - Badewanne / Dusche setzen,2026-04-24 08:00,2026-04-28 17:00,33,4,E34
Nasszelle - Abdichtung Boden / Wände,2026-05-29 08:00,2026-06-01 17:00,33,3,E34
Montage Abdeckplatte Küche,2026-05-28 08:00,2026-05-29 17:00,8,2,E34
Einhängen Wohnungseingangstüren,2026-06-16 08:00,2026-06-16 17:00,24,2,E34
Schliessanlage / Beschläge,2026-06-17 08:00,2026-06-17 17:00,2,2,E34
Lüftung Apparatemontage,2026-06-15 08:00,2026-06-17 17:00,1,2,E34
Elektro Apparatemontage / Leuchten,2026-06-10 08:00,2026-06-16 17:00,1,4,E34
Einhängen Zimmertüren,2026-06-15 08:00,2026-06-15 17:00,2,2,E34
Weissputz Decke,2026-03-24 08:00,2026-03-26 17:00,1,4,E35
LBW einzeichen / 1-seitig beplanken,2026-03-27 08:00,2026-04-14 17:00,1,10,E35
Montage Zargen Zimmertüren,2026-04-13 08:00,2026-04-14 17:00,52,2,E35
Nasszelle - Vorwandelemente erstellen,2026-04-08 08:00,2026-04-14 17:00,1,2,E35
Ausholzung LBW,2026-04-08 08:00,2026-04-14 17:00,5,0,E35
Haustechnikinstallationen in LBW,2026-04-08 08:00,2026-04-21 17:00,10,4,E35
evtl. Brandschott,2026-04-20 08:00,2026-04-21 17:00,1,2,E35
UP Installation HLKS-E,2026-04-15 08:00,2026-04-24 17:00,58,10,E01
Montage Rahmen Eingangstüren,2026-04-24 08:00,2026-04-24 17:00,3,2,E35
Isolieren Unterlagsboden,2026-04-27 08:00,2026-04-28 17:00,1,4,E35
Einbringen Unterlagsboden,2026-04-29 08:00,2026-04-29 17:00,2,4,E35
Brüstung Fassade innen ergänzen,2026-05-26 08:00,2026-05-27 17:00,2,2,E35
Malerarbeiten Stahlzargen,2026-06-02 08:00,2026-06-03 17:00,1,0,E35
Montage Vorhangbrett,2026-06-05 08:00,2026-06-08 17:00,1,4,E35
Montage Küchenelemente,2026-05-07 08:00,2026-05-13 17:00,2,7,E35
Nasszelle - Badewanne / Dusche setzen,2026-05-05 08:00,2026-05-07 17:00,33,4,E35
Nasszelle - Abdichtung Boden / Wände,2026-06-10 08:00,2026-06-11 17:00,33,3,E35
Montage Abdeckplatte Küche,2026-06-09 08:00,2026-06-10 17:00,8,2,E35
Einhängen Wohnungseingangstüren,2026-06-25 08:00,2026-06-25 17:00,24,2,E35
Schliessanlage / Beschläge,2026-06-26 08:00,2026-06-26 17:00,2,2,E35
Lüftung Apparatemontage,2026-06-24 08:00,2026-06-26 17:00,1,2,E35
Elektro Apparatemontage / Leuchten,2026-06-19 08:00,2026-06-25 17:00,1,4,E35
Einhängen Zimmertüren,2026-06-24 08:00,2026-06-24 17:00,2,2,E35
Weissputz Decke,2026-04-02 08:00,2026-04-07 17:00,1,4,E36
LBW einzeichen / 1-seitig beplanken,2026-04-08 08:00,2026-04-23 17:00,1,10,E36
Montage Zargen Zimmertüren,2026-04-22 08:00,2026-04-23 17:00,52,2,E36
Nasszelle - Vorwandelemente erstellen,2026-04-17 08:00,2026-04-23 17:00,1,2,E36
Ausholzung LBW,2026-04-17 08:00,2026-04-23 17:00,5,0,E36
Haustechnikinstallationen in LBW,2026-04-17 08:00,2026-04-30 17:00,10,4,E36
evtl. Brandschott,2026-04-29 08:00,2026-04-30 17:00,1,2,E36
UP Installation HLKS-E,2026-04-24 08:00,2026-05-05 17:00,58,10,E01
Montage Rahmen Eingangstüren,2026-05-05 08:00,2026-05-05 17:00,3,2,E36
Isolieren Unterlagsboden,2026-05-06 08:00,2026-05-07 17:00,1,4,E36
Einbringen Unterlagsboden,2026-05-08 08:00,2026-05-08 17:00,2,4,E36
Brüstung Fassade innen ergänzen,2026-06-05 08:00,2026-06-08 17:00,2,2,E36
Malerarbeiten Stahlzargen,2026-06-12 08:00,2026-06-15 17:00,1,0,E36
Montage Vorhangbrett,2026-06-16 08:00,2026-06-17 17:00,1,4,E36
Montage Küchenelemente,2026-05-19 08:00,2026-05-26 17:00,2,7,E36
Nasszelle - Badewanne / Dusche setzen,2026-05-15 08:00,2026-05-19 17:00,33,4,E36
Nasszelle - Abdichtung Boden / Wände,2026-06-19 08:00,2026-06-22 17:00,33,3,E36
Montage Abdeckplatte Küche,2026-06-18 08:00,2026-06-19 17:00,8,2,E36
Einhängen Wohnungseingangstüren,2026-07-06 08:00,2026-07-06 17:00,24,2,E36
Schliessanlage / Beschläge,2026-07-06 08:00,2026-07-06 17:00,2,2,E36
Lüftung Apparatemontage,2026-07-02 08:00,2026-07-06 17:00,1,2,E36
Elektro Apparatemontage / Leuchten,2026-06-29 08:00,2026-07-03 17:00,1,4,E36
Einhängen Zimmertüren,2026-07-02 08:00,2026-07-02 17:00,2,2,E36
Splinker (Nur FOYER) (eigentlich Decke 3.OG),2024-12-10 08:00,2025-01-16 17:00,4,2,E00
Splinker,2024-11-26 08:00,2024-12-19 17:00,4,2,E02
Splinker,2024-11-29 08:00,2025-01-07 17:00,4,2,E03
Parkettbeläge inkl. Sockelleisten,2025-01-28 08:00,2025-01-29 17:00,30,6,E03
Splinker,2024-12-04 08:00,2025-01-10 17:00,4,2,E04
LBW 1-seitig beplanken,2025-02-10 08:00,2025-02-27 17:00,78,12,E02
Ausholzung LBW,2025-02-21 08:00,2025-02-27 17:00,10,0,E02
Haustechnikinstallationen in LBW,2025-02-21 08:00,2025-03-12 17:00,1,5,E02
LBW schliessen,2025-02-28 08:00,2025-03-13 17:00,88,12,E02
Isolieren Unterlagsboden,2025-03-14 08:00,2025-03-17 17:00,2,4,E02
Malerarbeiten Wände / Decken,2025-04-11 08:00,2025-04-22 17:00,1,7,E02
Montage Küchenelemente,2025-03-26 08:00,2025-04-01 17:00,50,7,E02
Nasszelle - Badewanne / Dusche setzen,2025-03-24 08:00,2025-03-26 17:00,48,4,E02
Nasszelle - Abdichtung Boden / Wände,2025-05-13 08:00,2025-05-15 17:00,48,3,E02
Nasszelle - Plattenarbeiten Boden / Wände,2025-05-16 08:00,2025-06-03 17:00,11,7,E02
Montage Abdeckplatte Küche,2025-04-25 08:00,2025-04-28 17:00,6,2,E02
Parkettbeläge inkl. Sockelleisten,2025-05-23 08:00,2025-06-03 17:00,30,6,E02
Einhängen Wohnungseingangstüren,2025-06-03 08:00,2025-06-03 17:00,2,2,E02
Sanitär Apparatemontage,2025-05-27 08:00,2025-06-04 17:00,1,4,E02
Lüftung Apparatemontage,2025-06-02 08:00,2025-06-04 17:00,1,2,E02
Montage Schild Küche + Geräte inkl. Kitffugen,2025-06-04 08:00,2025-06-05 17:00,10,2,E02
Montage Zargen Zimmertüren,2025-03-11 08:00,2025-03-12 17:00,78,2,E03
Haustechnikinstallationen in LBW,2025-03-06 08:00,2025-03-25 17:00,10,5,E03
evtl. Brandschott,2025-03-24 08:00,2025-03-25 17:00,1,2,E03
Montage Rahmen Eingangstüren,2025-03-26 08:00,2025-03-26 17:00,88,2,E03
Einbringen Unterlagsboden,2025-03-31 08:00,2025-03-31 17:00,2,4,E03
Malerarbeiten Stahlzargen,2025-05-06 08:00,2025-05-07 17:00,1,0,E03
Montage Einbauschränke,2025-04-08 08:00,2025-04-10 17:00,50,4,E03
Nasszelle - Abdichtung Boden / Wände,2025-05-26 08:00,2025-05-28 17:00,48,3,E03
Nasszelle - Plattenarbeiten Boden / Wände,2025-05-30 08:00,2025-06-17 17:00,48,7,E03
Montage Abdeckplatte Küche,2025-05-08 08:00,2025-05-09 17:00,11,2,E03
Parkettbeläge inkl. Sockelleisten,2025-06-06 08:00,2025-06-17 17:00,6,6,E03
Einhängen Wohnungseingangstüren,2025-06-17 08:00,2025-06-17 17:00,30,2,E03
Schliessanlage / Beschläge,2025-06-18 08:00,2025-06-18 17:00,2,2,E03
Lüftung Apparatemontage,2025-06-16 08:00,2025-06-18 17:00,1,2,E03
Elektro Apparatemontage / Leuchten,2025-06-10 08:00,2025-06-17 17:00,1,4,E03
Endreinigung,2025-06-18 08:00,2025-06-23 17:00,10,5,E03
LBW 1-seitig beplanken,2025-03-06 08:00,2025-03-25 17:00,78,12,E04
Ausholzung LBW,2025-03-19 08:00,2025-03-25 17:00,10,0,E04
Haustechnikinstallationen in LBW,2025-03-19 08:00,2025-04-07 17:00,1,5,E04
LBW schliessen,2025-03-26 08:00,2025-04-08 17:00,88,12,E04
Isolieren Unterlagsboden,2025-04-09 08:00,2025-04-10 17:00,2,4,E04
Malerarbeiten Wände / Decken,2025-05-09 08:00,2025-05-16 17:00,1,7,E04
Montage Küchenelemente,2025-06-02 08:00,2025-06-06 17:00,50,7,E04
Nasszelle - Badewanne / Dusche setzen,2025-04-17 08:00,2025-04-23 17:00,48,4,E04
Nasszelle - Abdichtung Boden / Wände,2025-06-10 08:00,2025-06-12 17:00,48,3,E04
Nasszelle - Plattenarbeiten Boden / Wände,2025-06-13 08:00,2025-07-01 17:00,11,7,E04
Montage Abdeckplatte Küche,2025-07-02 08:00,2025-07-03 17:00,6,2,E04
Parkettbeläge inkl. Sockelleisten,2025-06-23 08:00,2025-07-01 17:00,30,6,E04
Einhängen Wohnungseingangstüren,2025-07-01 08:00,2025-07-01 17:00,2,2,E04
Sanitär Apparatemontage,2025-06-25 08:00,2025-07-02 17:00,1,4,E04
Lüftung Apparatemontage,2025-06-30 08:00,2025-07-02 17:00,1,2,E04
Montage Schild Küche + Geräte inkl. Kitffugen,2025-07-02 08:00,2025-07-03 17:00,10,2,E04
Montage Zargen Zimmertüren,2025-04-04 08:00,2025-04-07 17:00,78,2,E05
Haustechnikinstallationen in LBW,2025-04-01 08:00,2025-04-22 17:00,10,5,E05
evtl. Brandschott,2025-04-17 08:00,2025-04-22 17:00,1,2,E05
Montage Rahmen Eingangstüren,2025-04-23 08:00,2025-04-23 17:00,88,2,E05
Einbringen Unterlagsboden,2025-04-28 08:00,2025-04-28 17:00,2,4,E05
Malerarbeiten Stahlzargen,2025-06-02 08:00,2025-06-03 17:00,1,0,E05
Montage Einbauschränke,2025-05-06 08:00,2025-05-08 17:00,50,4,E05
Nasszelle - Abdichtung Boden / Wände,2025-06-24 08:00,2025-06-26 17:00,48,3,E05
Nasszelle - Plattenarbeiten Boden / Wände,2025-06-27 08:00,2025-07-14 17:00,48,7,E05
Montage Abdeckplatte Küche,2025-06-04 08:00,2025-06-05 17:00,11,2,E05
Parkettbeläge inkl. Sockelleisten,2025-07-04 08:00,2025-07-14 17:00,6,6,E05
Einhängen Wohnungseingangstüren,2025-07-14 08:00,2025-07-14 17:00,30,2,E05
Schliessanlage / Beschläge,2025-07-15 08:00,2025-07-15 17:00,2,2,E05
Lüftung Apparatemontage,2025-07-11 08:00,2025-07-15 17:00,1,2,E05
Elektro Apparatemontage / Leuchten,2025-07-07 08:00,2025-07-14 17:00,1,4,E05
Endreinigung,2025-07-15 08:00,2025-07-17 17:00,10,5,E05
LBW 1-seitig beplanken,2025-04-01 08:00,2025-04-22 17:00,78,12,E06
Ausholzung LBW,2025-04-14 08:00,2025-04-22 17:00,10,0,E06
Haustechnikinstallationen in LBW,2025-04-14 08:00,2025-05-05 17:00,1,5,E06
LBW schliessen,2025-04-23 08:00,2025-05-06 17:00,88,12,E06
Isolieren Unterlagsboden,2025-05-07 08:00,2025-05-08 17:00,2,4,E06
Malerarbeiten Wände / Decken,2025-06-05 08:00,2025-06-13 17:00,1,7,E06
Montage Küchenelemente,2025-05-19 08:00,2025-05-23 17:00,50,7,E06
Nasszelle - Badewanne / Dusche setzen,2025-05-15 08:00,2025-05-19 17:00,48,4,E06
Nasszelle - Abdichtung Boden / Wände,2025-07-07 08:00,2025-07-09 17:00,48,3,E06
Nasszelle - Plattenarbeiten Boden / Wände,2025-07-10 08:00,2025-07-25 17:00,11,7,E06
Montage Abdeckplatte Küche,2025-06-18 08:00,2025-06-20 17:00,6,2,E06
Parkettbeläge inkl. Sockelleisten,2025-07-17 08:00,2025-07-25 17:00,30,6,E06
Einhängen Wohnungseingangstüren,2025-07-25 08:00,2025-07-25 17:00,2,2,E06
Sanitär Apparatemontage,2025-07-21 08:00,2025-07-28 17:00,1,4,E06
Lüftung Apparatemontage,2025-07-24 08:00,2025-07-28 17:00,1,2,E06
Montage Schild Küche + Geräte inkl. Kitffugen,2025-07-28 08:00,2025-07-29 17:00,10,2,E06
Montage Zargen Zimmertüren,2025-05-02 08:00,2025-05-05 17:00,78,2,E07
Haustechnikinstallationen in LBW,2025-04-29 08:00,2025-05-16 17:00,10,5,E07
evtl. Brandschott,2025-05-15 08:00,2025-05-16 17:00,1,2,E07
Montage Rahmen Eingangstüren,2025-05-19 08:00,2025-05-19 17:00,88,2,E07
Einbringen Unterlagsboden,2025-05-22 08:00,2025-05-22 17:00,2,4,E07
Malerarbeiten Stahlzargen,2025-06-30 08:00,2025-07-01 17:00,1,0,E07
Montage Einbauschränke,2025-06-02 08:00,2025-06-04 17:00,50,4,E07
Nasszelle - Abdichtung Boden / Wände,2025-07-18 08:00,2025-07-22 17:00,48,3,E07
Nasszelle - Plattenarbeiten Boden / Wände,2025-07-23 08:00,2025-08-08 17:00,48,7,E07
Montage Abdeckplatte Küche,2025-07-02 08:00,2025-07-03 17:00,11,2,E07
Parkettbeläge inkl. Sockelleisten,2025-07-30 08:00,2025-08-08 17:00,6,6,E07
Einhängen Wohnungseingangstüren,2025-08-08 08:00,2025-08-08 17:00,30,2,E07
Schliessanlage / Beschläge,2025-08-11 08:00,2025-08-11 17:00,2,2,E07
Lüftung Apparatemontage,2025-08-07 08:00,2025-08-11 17:00,1,2,E07
Elektro Apparatemontage / Leuchten,2025-07-31 08:00,2025-08-08 17:00,1,4,E07
Endreinigung,2025-08-11 08:00,2025-08-13 17:00,10,5,E07
LBW 1-seitig beplanken,2025-04-25 08:00,2025-05-14 17:00,78,12,E08
Ausholzung LBW,2025-05-08 08:00,2025-05-14 17:00,10,0,E08
Haustechnikinstallationen in LBW,2025-05-08 08:00,2025-05-27 17:00,1,5,E08
LBW schliessen,2025-05-15 08:00,2025-05-28 17:00,88,12,E08
Isolieren Unterlagsboden,2025-05-30 08:00,2025-06-02 17:00,2,4,E08
Malerarbeiten Wände / Decken,2025-07-01 08:00,2025-07-08 17:00,1,7,E08
Montage Küchenelemente,2025-06-12 08:00,2025-06-18 17:00,50,7,E08
Nasszelle - Badewanne / Dusche setzen,2025-06-10 08:00,2025-06-12 17:00,48,4,E08
Nasszelle - Abdichtung Boden / Wände,2025-07-29 08:00,2025-07-31 17:00,48,3,E08
Nasszelle - Plattenarbeiten Boden / Wände,2025-08-04 08:00,2025-08-20 17:00,11,7,E08
Montage Abdeckplatte Küche,2025-07-11 08:00,2025-07-14 17:00,6,2,E08
Parkettbeläge inkl. Sockelleisten,2025-08-11 08:00,2025-08-20 17:00,30,6,E08
Einhängen Wohnungseingangstüren,2025-08-20 08:00,2025-08-20 17:00,2,2,E08
Sanitär Apparatemontage,2025-08-13 08:00,2025-08-21 17:00,1,4,E08
Lüftung Apparatemontage,2025-08-19 08:00,2025-08-21 17:00,1,2,E08
Montage Schild Küche + Geräte inkl. Kitffugen,2025-08-21 08:00,2025-08-22 17:00,10,2,E08
Montage Zargen Zimmertüren,2025-05-22 08:00,2025-05-23 17:00,78,2,E09
Haustechnikinstallationen in LBW,2025-05-19 08:00,2025-06-06 17:00,10,5,E09
evtl. Brandschott,2025-06-05 08:00,2025-06-06 17:00,1,2,E09
Montage Rahmen Eingangstüren,2025-06-10 08:00,2025-06-10 17:00,88,2,E09
Einbringen Unterlagsboden,2025-06-13 08:00,2025-06-13 17:00,2,4,E09
Malerarbeiten Stahlzargen,2025-07-18 08:00,2025-07-21 17:00,1,0,E09
Montage Einbauschränke,2025-06-24 08:00,2025-06-26 17:00,50,4,E09
Nasszelle - Abdichtung Boden / Wände,2025-08-08 08:00,2025-08-12 17:00,48,3,E09
Nasszelle - Plattenarbeiten Boden / Wände,2025-08-13 08:00,2025-08-29 17:00,48,7,E09
Montage Abdeckplatte Küche,2025-07-22 08:00,2025-07-23 17:00,11,2,E09
Parkettbeläge inkl. Sockelleisten,2025-08-21 08:00,2025-08-29 17:00,6,6,E09
Einhängen Wohnungseingangstüren,2025-08-29 08:00,2025-08-29 17:00,30,2,E09
Schliessanlage / Beschläge,2025-09-01 08:00,2025-09-01 17:00,2,2,E09
Lüftung Apparatemontage,2025-08-28 08:00,2025-09-01 17:00,1,2,E09
Elektro Apparatemontage / Leuchten,2025-08-22 08:00,2025-08-29 17:00,1,4,E09
Endreinigung,2025-09-01 08:00,2025-09-03 17:00,10,5,E09
LBW 1-seitig beplanken,2025-05-15 08:00,2025-06-04 17:00,78,12,E10
Ausholzung LBW,2025-05-28 08:00,2025-06-04 17:00,10,0,E10
Haustechnikinstallationen in LBW,2025-05-28 08:00,2025-06-18 17:00,1,5,E10
LBW schliessen,2025-06-05 08:00,2025-06-20 17:00,88,12,E10
Isolieren Unterlagsboden,2025-06-23 08:00,2025-06-24 17:00,2,4,E10
Malerarbeiten Wände / Decken,2025-07-21 08:00,2025-07-28 17:00,1,7,E10
Montage Küchenelemente,2025-07-03 08:00,2025-07-09 17:00,50,7,E10
Nasszelle - Badewanne / Dusche setzen,2025-07-01 08:00,2025-07-03 17:00,48,4,E10
Nasszelle - Abdichtung Boden / Wände,2025-08-20 08:00,2025-08-22 17:00,48,3,E10
Nasszelle - Plattenarbeiten Boden / Wände,2025-08-25 08:00,2025-09-09 17:00,11,7,E10
Montage Abdeckplatte Küche,2025-07-31 08:00,2025-08-04 17:00,6,2,E10
Parkettbeläge inkl. Sockelleisten,2025-09-01 08:00,2025-09-09 17:00,30,6,E10
Einhängen Wohnungseingangstüren,2025-09-09 08:00,2025-09-09 17:00,2,2,E10
Sanitär Apparatemontage,2025-09-03 08:00,2025-09-10 17:00,1,4,E10
Lüftung Apparatemontage,2025-09-08 08:00,2025-09-10 17:00,1,2,E10
Montage Schild Küche + Geräte inkl. Kitffugen,2025-09-10 08:00,2025-09-11 17:00,10,2,E10
Montage Zargen Zimmertüren,2025-06-13 08:00,2025-06-16 17:00,78,2,E11
Haustechnikinstallationen in LBW,2025-06-10 08:00,2025-06-30 17:00,10,4,E11
evtl. Brandschott,2025-06-27 08:00,2025-06-30 17:00,1,2,E11
Montage Rahmen Eingangstüren,2025-07-01 08:00,2025-07-01 17:00,88,2,E11
Einbringen Unterlagsboden,2025-07-04 08:00,2025-07-04 17:00,2,4,E11
Malerarbeiten Stahlzargen,2025-08-08 08:00,2025-08-11 17:00,1,0,E11
Montage Einbauschränke,2025-07-14 08:00,2025-07-16 17:00,50,4,E11
Nasszelle - Abdichtung Boden / Wände,2025-08-29 08:00,2025-09-02 17:00,48,3,E11
Nasszelle - Plattenarbeiten Boden / Wände,2025-09-03 08:00,2025-09-18 17:00,48,7,E11
Montage Abdeckplatte Küche,2025-08-12 08:00,2025-08-13 17:00,11,2,E11
Parkettbeläge inkl. Sockelleisten,2025-09-10 08:00,2025-09-18 17:00,6,6,E11
Einhängen Wohnungseingangstüren,2025-09-18 08:00,2025-09-18 17:00,30,2,E11
Schliessanlage / Beschläge,2025-09-19 08:00,2025-09-19 17:00,2,2,E11
Lüftung Apparatemontage,2025-09-17 08:00,2025-09-19 17:00,1,2,E11
Elektro Apparatemontage / Leuchten,2025-09-11 08:00,2025-09-18 17:00,1,4,E11
Endreinigung,2025-09-19 08:00,2025-09-23 17:00,10,5,E11
LBW 1-seitig beplanken,2025-06-05 08:00,2025-06-26 17:00,78,12,E12
Ausholzung LBW,2025-06-20 08:00,2025-06-26 17:00,10,0,E12
Haustechnikinstallationen in LBW,2025-06-20 08:00,2025-07-09 17:00,1,4,E12
LBW schliessen,2025-06-27 08:00,2025-07-10 17:00,88,12,E12
Isolieren Unterlagsboden,2025-07-11 08:00,2025-07-14 17:00,2,4,E12
Malerarbeiten Wände / Decken,2025-08-11 08:00,2025-08-19 17:00,1,7,E12
Montage Küchenelemente,2025-07-23 08:00,2025-07-29 17:00,50,7,E12
Nasszelle - Badewanne / Dusche setzen,2025-07-21 08:00,2025-07-23 17:00,48,4,E12
Nasszelle - Abdichtung Boden / Wände,2025-09-09 08:00,2025-09-11 17:00,48,3,E12
Nasszelle - Plattenarbeiten Boden / Wände,2025-09-12 08:00,2025-09-29 17:00,11,7,E12
Montage Abdeckplatte Küche,2025-08-22 08:00,2025-08-25 17:00,6,2,E12
Parkettbeläge inkl. Sockelleisten,2025-09-19 08:00,2025-09-29 17:00,30,6,E12
Einhängen Wohnungseingangstüren,2025-09-29 08:00,2025-09-29 17:00,2,2,E12
Sanitär Apparatemontage,2025-09-23 08:00,2025-09-30 17:00,1,4,E12
Lüftung Apparatemontage,2025-09-26 08:00,2025-09-30 17:00,1,2,E12
Montage Schild Küche + Geräte inkl. Kitffugen,2025-09-30 08:00,2025-10-01 17:00,10,2,E12
Montage Zargen Zimmertüren,2025-07-04 08:00,2025-07-07 17:00,78,2,E13
Haustechnikinstallationen in LBW,2025-07-01 08:00,2025-07-18 17:00,10,4,E13
evtl. Brandschott,2025-07-17 08:00,2025-07-18 17:00,1,2,E13
Montage Rahmen Eingangstüren,2025-07-21 08:00,2025-07-21 17:00,88,2,E13
Einbringen Unterlagsboden,2025-07-24 08:00,2025-07-24 17:00,2,4,E13
Malerarbeiten Stahlzargen,2025-08-29 08:00,2025-09-01 17:00,1,0,E13
Montage Einbauschränke,2025-08-04 08:00,2025-08-06 17:00,50,4,E13
Nasszelle - Abdichtung Boden / Wände,2025-09-18 08:00,2025-09-22 17:00,48,3,E13
Nasszelle - Plattenarbeiten Boden / Wände,2025-09-23 08:00,2025-10-08 17:00,48,7,E13
Montage Abdeckplatte Küche,2025-09-02 08:00,2025-09-03 17:00,11,2,E13
Parkettbeläge inkl. Sockelleisten,2025-09-30 08:00,2025-10-08 17:00,6,6,E13
Einhängen Wohnungseingangstüren,2025-10-08 08:00,2025-10-08 17:00,30,2,E13
Schliessanlage / Beschläge,2025-10-09 08:00,2025-10-09 17:00,2,2,E13
Lüftung Apparatemontage,2025-10-07 08:00,2025-10-09 17:00,1,2,E13
Elektro Apparatemontage / Leuchten,2025-10-01 08:00,2025-10-08 17:00,1,4,E13
Endreinigung,2025-10-09 08:00,2025-10-13 17:00,10,5,E13
Montage Zargen Zimmertüren,2025-07-15 08:00,2025-07-16 17:00,78,2,E14
Haustechnikinstallationen in LBW,2025-07-10 08:00,2025-07-29 17:00,10,4,E14
evtl. Brandschott,2025-07-28 08:00,2025-07-29 17:00,1,2,E14
Montage Rahmen Eingangstüren,2025-07-30 08:00,2025-07-30 17:00,88,2,E14
Einbringen Unterlagsboden,2025-08-05 08:00,2025-08-05 17:00,2,4,E14
Malerarbeiten Stahlzargen,2025-09-09 08:00,2025-09-10 17:00,1,0,E14
Montage Einbauschränke,2025-08-13 08:00,2025-08-18 17:00,50,4,E14
Nasszelle - Abdichtung Boden / Wände,2025-09-29 08:00,2025-10-01 17:00,48,3,E14
Nasszelle - Plattenarbeiten Boden / Wände,2025-10-02 08:00,2025-10-20 17:00,48,7,E14
Montage Abdeckplatte Küche,2025-09-11 08:00,2025-09-12 17:00,11,2,E14
Parkettbeläge inkl. Sockelleisten,2025-10-09 08:00,2025-10-20 17:00,6,6,E14
Einhängen Wohnungseingangstüren,2025-10-20 08:00,2025-10-20 17:00,30,2,E14
Schliessanlage / Beschläge,2025-10-21 08:00,2025-10-21 17:00,2,2,E14
Lüftung Apparatemontage,2025-10-17 08:00,2025-10-21 17:00,1,2,E14
Elektro Apparatemontage / Leuchten,2025-10-10 08:00,2025-10-20 17:00,1,4,E14
Endreinigung,2025-10-21 08:00,2025-10-23 17:00,10,5,E14
Montage Zargen Zimmertüren,2025-07-24 08:00,2025-07-25 17:00,78,2,E15
Haustechnikinstallationen in LBW,2025-07-21 08:00,2025-08-08 17:00,10,4,E15
evtl. Brandschott,2025-08-07 08:00,2025-08-08 17:00,1,2,E15
Montage Rahmen Eingangstüren,2025-08-11 08:00,2025-08-11 17:00,88,2,E15
Einbringen Unterlagsboden,2025-08-14 08:00,2025-08-14 17:00,2,4,E15
Malerarbeiten Stahlzargen,2025-09-18 08:00,2025-09-19 17:00,1,0,E15
Montage Einbauschränke,2025-08-25 08:00,2025-08-27 17:00,50,4,E15
Nasszelle - Abdichtung Boden / Wände,2025-10-08 08:00,2025-10-10 17:00,48,3,E15
Nasszelle - Plattenarbeiten Boden / Wände,2025-10-13 08:00,2025-10-29 17:00,48,7,E15
Montage Abdeckplatte Küche,2025-09-22 08:00,2025-09-23 17:00,11,2,E15
Parkettbeläge inkl. Sockelleisten,2025-10-21 08:00,2025-10-29 17:00,6,6,E15
Einhängen Wohnungseingangstüren,2025-10-29 08:00,2025-10-29 17:00,30,2,E15
Schliessanlage / Beschläge,2025-10-30 08:00,2025-10-30 17:00,2,2,E15
Lüftung Apparatemontage,2025-10-28 08:00,2025-10-30 17:00,1,2,E15
Elektro Apparatemontage / Leuchten,2025-10-22 08:00,2025-10-29 17:00,1,4,E15
Endreinigung,2025-10-30 08:00,2025-11-03 17:00,10,5,E15
